"DEP","CODE_CIRCO","INSCRITS","ABSTENTIONS","VOTANTS","BLANCS","NULS","EXPRIMES","NOM","PRENOM","CODE_NUANCE","VOIX","SCORE","classe","classe_num"
"987","98701",72176,40695,31481,277,248,30956,"BOUTEAU","Nicole","ENS",12970,41.9,"Plus de 32 %",5
"987","98702",67226,40717,26509,210,220,26079,"TERIITAHI","Tepuaraurii","ENS",8660,33.21,"Plus de 32 %",5
"987","98703",66895,37908,28987,280,216,28491,"TUMAHAI","Tuterai","ENS",9128,32.04,"Plus de 32 %",5
"988","98801",96919,66859,30060,541,171,29348,"DUNOYER","Philippe","ENS",11982,40.83,"Plus de 32 %",5
"988","98802",122243,81053,41190,660,328,40202,"METZDORF","Nicolas","ENS",13552,33.71,"Plus de 32 %",5
"ZZ","ZZ01",240978,189591,51387,518,41,50828,"LESCURE","Roland","ENS",18236,35.88,"Plus de 32 %",5
"ZZ","ZZ02",75610,64324,11286,150,41,11095,"CAROIT","Eléonore","ENS",3836,34.57,"Plus de 32 %",5
"ZZ","ZZ03",148639,106129,42510,319,30,42161,"HOLROYD","Alexandre","ENS",16238,38.51,"Plus de 32 %",5
"ZZ","ZZ04",148196,105127,43069,405,28,42636,"ANGLADE","Pieyre-Alexandre","ENS",16597,38.93,"Plus de 32 %",5
"ZZ","ZZ05",105049,79852,25197,278,28,24891,"VALLS","Manuel","ENS",4024,16.17,"Moins de 20 %",1
"ZZ","ZZ06",149821,115918,33903,337,39,33527,"FERRACCI","Marc","ENS",12233,36.49,"Plus de 32 %",5
"ZZ","ZZ07",123409,87199,36210,268,54,35888,"PETIT","Frédéric","ENS",12409,34.58,"Plus de 32 %",5
"ZZ","ZZ08",131219,115176,16043,180,16,15847,"ABISROR - DE LIEME","Deborah","ENS",4402,27.78,"Entre 24 et 28 %",3
"ZZ","ZZ09",120556,102826,17730,392,70,17268,"MORENO","Elisabeth","ENS",4845,28.06,"Entre 28 et 32 %",4
"ZZ","ZZ10",104303,83943,20360,290,45,20025,"LAKRAFI","Amélia","ENS",6558,32.75,"Plus de 32 %",5
"ZZ","ZZ11",98853,70840,28013,324,57,27632,"GENETET","Anne","ENS",10539,38.14,"Plus de 32 %",5
"971","97102",87775,65847,21928,544,725,20659,"BENIN","Justine","ENS",6468,31.31,"Entre 28 et 32 %",4
"971","97103",84348,62323,22025,648,652,20725,"LOUISY","Ferdy","ENS",2917,14.07,"Moins de 20 %",1
"972","97203",60508,47675,12833,462,296,12075,"GIRAUD","Audrey Arielle","ENS",420,3.48,"Moins de 20 %",1
"972","97204",83958,64217,19741,380,340,19021,"TIBERINUS","Laurence","ENS",363,1.91,"Moins de 20 %",1
"973","97302",46473,34355,12118,222,118,11778,"ADAM","Lénaïck","ENS",3754,31.87,"Entre 28 et 32 %",4
"974","97403",96212,64274,31938,1284,1365,29289,"VALY","Bachil","ENS",2831,9.67,"Moins de 20 %",1
"974","97405",87696,60657,27039,588,766,25685,"VIRAPOULLÉ","Laurent","ENS",3425,13.33,"Moins de 20 %",1
"974","97407",118245,83583,34662,1134,1269,32259,"CODDEVILLE","Hélène","ENS",2837,8.79,"Moins de 20 %",1
"976","97601",42834,25207,17627,493,638,16496,"ALI","Ramlati","ENS",1194,7.24,"Moins de 20 %",1
"976","97602",49775,26387,23388,763,1111,21514,"MADI MARI","Madi-Boinamani","ENS",4098,19.05,"Moins de 20 %",1
"75","7501",84562,36977,47585,442,117,47026,"MAILLARD","Sylvain","ENS",19718,41.93,"Plus de 32 %",5
"75","7502",74767,30690,44077,349,132,43596,"LE GENDRE","Gilles","ENS",15547,35.66,"Plus de 32 %",5
"75","7503",73188,33125,40063,394,129,39540,"GUERINI","Stanislas","ENS",12853,32.51,"Plus de 32 %",5
"75","7504",72974,34300,38674,243,93,38338,"PANOSYAN-BOUVET","Astrid","ENS",15730,41.03,"Plus de 32 %",5
"75","7505",79349,33988,45361,345,122,44894,"FAJGELES","Elise","ENS",13358,29.75,"Entre 28 et 32 %",4
"75","7506",80908,35276,45632,498,188,44946,"BARGETON","Julien","ENS",11514,25.62,"Entre 24 et 28 %",3
"75","7507",80258,32846,47412,453,165,46794,"BEAUNE","Clément","ENS",16755,35.81,"Plus de 32 %",5
"75","7508",85265,37827,47438,504,194,46740,"AVIA","Laëtitia","ENS",13059,27.94,"Entre 24 et 28 %",3
"75","7509",70810,32005,38805,536,199,38070,"TAN","Buon","ENS",10192,26.77,"Entre 24 et 28 %",3
"75","7510",70250,32031,38219,429,162,37628,"LANG","Anne-Christine","ENS",11030,29.31,"Entre 28 et 32 %",4
"75","7511",73057,29131,43926,472,140,43314,"GATEL","Maud","ENS",16154,37.3,"Plus de 32 %",5
"75","7512",75821,31301,44520,396,135,43989,"GREGOIRE","Olivia","ENS",17380,39.51,"Plus de 32 %",5
"75","7513",78195,34821,43374,494,153,42727,"AMIEL","David","ENS",16267,38.07,"Plus de 32 %",5
"75","7514",76056,35022,41034,273,113,40648,"HADDAD","Benjamin","ENS",15964,39.27,"Plus de 32 %",5
"75","7515",79102,36781,42321,376,149,41796,"GASSAMA","Mohamad","ENS",6616,15.83,"Moins de 20 %",1
"75","7516",75126,37718,37408,396,153,36859,"BACHA","Yanis","ENS",7534,20.44,"Entre 20 et 24 %",2
"75","7517",62130,33298,28832,352,160,28320,"BÉNIÉ","Kolia","ENS",5638,19.91,"Moins de 20 %",1
"75","7518",70682,30892,39790,502,151,39137,"BOURNAZEL","Pierre-Yves","ENS",13922,35.57,"Plus de 32 %",5
"77","7701",71930,40901,31029,433,152,30444,"LUQUET","Aude","ENS",8292,27.24,"Entre 24 et 28 %",3
"77","7702",79921,39613,40308,560,186,39562,"VALLETOUX","Frédéric","ENS",10981,27.76,"Entre 24 et 28 %",3
"77","7704",88822,46550,42272,594,213,41465,"DELVAUX","Jean-Philippe","ENS",6953,16.77,"Moins de 20 %",1
"77","7705",88335,49292,39043,514,185,38344,"RIESTER","Franck","ENS",11225,29.27,"Entre 28 et 32 %",4
"77","7706",81556,47193,34363,653,176,33534,"MEKIDICHE","Fatna","ENS",5976,17.82,"Moins de 20 %",1
"77","7707",87842,50254,37588,688,173,36727,"KOKOUENDO","Rodrigue","ENS",8823,24.02,"Entre 24 et 28 %",3
"77","7708",95166,54200,40966,605,170,40191,"GHOMI","Hadrien","ENS",12301,30.61,"Entre 28 et 32 %",4
"77","7709",86229,48935,37294,592,163,36539,"PEYRON","Michèle","ENS",9112,24.94,"Entre 24 et 28 %",3
"77","7710",81495,47095,34400,464,174,33762,"DO","Stéphanie","ENS",8612,25.51,"Entre 24 et 28 %",3
"77","7711",66511,39543,26968,727,60,26181,"PÉCULIER","Charlyne","ENS",5768,22.03,"Entre 20 et 24 %",2
"78","7801",83335,36676,46659,549,162,45948,"RODWELL","Charles","ENS",15198,33.08,"Plus de 32 %",5
"78","7802",86497,36013,50484,470,159,49855,"BARROT","Jean-Noël","ENS",17391,34.88,"Plus de 32 %",5
"78","7803",83434,37556,45878,410,128,45340,"PIRON","Béatrice","ENS",18012,39.73,"Plus de 32 %",5
"78","7804",80154,36196,43958,576,144,43238,"LEBEC","Marie","ENS",18308,42.34,"Plus de 32 %",5
"78","7805",75643,35455,40188,477,126,39585,"BRAUN-PIVET","Yaël","ENS",14483,36.59,"Plus de 32 %",5
"78","7806",75944,37271,38673,454,164,38055,"POUZYREFF","Natalia","ENS",14378,37.78,"Plus de 32 %",5
"78","7807",80638,41488,39150,427,147,38576,"HAI","Nadia","ENS",11401,29.55,"Entre 28 et 32 %",4
"78","7808",74522,43784,30738,460,146,30132,"HERVIEUX","Edwige","ENS",7336,24.35,"Entre 24 et 28 %",3
"78","7809",92968,49221,43747,726,208,42813,"MILLIENNE","Bruno","ENS",11275,26.34,"Entre 24 et 28 %",3
"78","7810",91538,40788,50750,524,188,50038,"BERGÉ","Aurore","ENS",16727,33.43,"Plus de 32 %",5
"78","7811",69371,35647,33724,530,160,33034,"PIACENZA","Aurélie","ENS",8289,25.09,"Entre 24 et 28 %",3
"78","7812",71167,34499,36668,420,136,36112,"OLIVE","Karl","ENS",14028,38.85,"Plus de 32 %",5
"91","9101",73470,45358,28112,579,291,27242,"ZEGHOUF","Medhy","ENS",6139,22.54,"Entre 20 et 24 %",2
"91","9102",91937,48101,43836,647,252,42937,"SIFER","Naïma","ENS",8848,20.61,"Entre 20 et 24 %",2
"91","9103",98710,49229,49481,696,250,48535,"IZARD","Alexis","ENS",12447,25.65,"Entre 24 et 28 %",3
"91","9104",98705,48573,50132,750,213,49169,"RIXAIN","Marie-Pierre","ENS",15598,31.72,"Entre 28 et 32 %",4
"91","9105",68453,29043,39410,472,121,38817,"MIDY","Paul","ENS",11849,30.53,"Entre 28 et 32 %",4
"91","9106",83238,41468,41770,506,207,41057,"DE MONTCHALIN","Amélie","ENS",12915,31.46,"Entre 28 et 32 %",4
"91","9107",73537,40613,32924,486,182,32256,"REDA","Robin","ENS",10309,31.96,"Entre 28 et 32 %",4
"91","9108",75975,39955,36020,452,161,35407,"BIDA","Mohamed","ENS",7929,22.39,"Entre 20 et 24 %",2
"91","9109",78732,42704,36028,544,172,35312,"GUÉVENOUX","Marie","ENS",10520,29.79,"Entre 28 et 32 %",4
"91","9110",61820,35380,26440,407,171,25862,"CARCASSET","Nadia","ENS",6779,26.21,"Entre 24 et 28 %",3
"92","9201",65819,40666,25153,693,100,24360,"BADIN","Marie-Ange","ENS",4913,20.17,"Entre 20 et 24 %",2
"92","9202",69729,30925,38804,516,112,38176,"ACHIDI","Baï-Audrey","ENS",10227,26.79,"Entre 24 et 28 %",3
"92","9203",82668,37055,45613,751,68,44794,"TAQUILLAIN","Aurélie","ENS",14515,32.4,"Plus de 32 %",5
"92","9204",80977,43427,37550,991,112,36447,"FLORENNES","Isabelle","ENS",13472,36.96,"Plus de 32 %",5
"92","9205",75570,37471,38099,464,342,37293,"CALVEZ","Céline","ENS",12877,34.53,"Plus de 32 %",5
"92","9206",76259,34047,42212,569,148,41495,"LE GRIP","Constance","ENS",14943,36.01,"Plus de 32 %",5
"92","9207",87915,39119,48796,660,129,48007,"CAZENEUVE","Pierre","ENS",20120,41.91,"Plus de 32 %",5
"92","9208",68035,28577,39458,627,82,38749,"THEVENOT","Prisca","ENS",15547,40.12,"Plus de 32 %",5
"92","9209",63445,27780,35665,488,0,35177,"PELLERIN","Emmanuel","ENS",10307,29.3,"Entre 28 et 32 %",4
"92","9210",79526,35089,44437,1320,87,43030,"ATTAL","Gabriel","ENS",20679,48.06,"Plus de 32 %",5
"92","9211",70778,33502,37276,679,227,36370,"ROSSI","Laurianne","ENS",13132,36.11,"Plus de 32 %",5
"92","9212",93383,42341,51042,737,232,50073,"BOURLANGES","Jean-Louis","ENS",15423,30.8,"Entre 28 et 32 %",4
"92","9213",90055,38996,51059,946,42,50071,"BREGEON","Maud","ENS",16441,32.84,"Plus de 32 %",5
"93","9301",67235,41433,25802,323,181,25298,"DROMARD","Jeanne","ENS",4780,18.89,"Moins de 20 %",1
"93","9302",55145,37065,18080,320,127,17633,"BROOD","Anaïs","ENS",1595,9.05,"Moins de 20 %",1
"93","9303",75652,42011,33641,512,180,32949,"ANATO","Patrice","ENS",8399,25.49,"Entre 24 et 28 %",3
"93","9304",65100,44142,20958,506,131,20321,"RINEL","Lova","ENS",2007,9.88,"Moins de 20 %",1
"93","9305",65222,41416,23806,445,180,23181,"AIT AKKACHE","Nabil","ENS",1854,8,"Moins de 20 %",1
"93","9306",58095,34968,23127,361,159,22607,"BAZIZ","Yasmina","ENS",3419,15.12,"Moins de 20 %",1
"93","9307",80662,43639,37023,756,173,36094,"BROSSIER","Marie-Laure","ENS",5773,15.99,"Moins de 20 %",1
"93","9308",61629,34754,26875,562,78,26235,"CHARRIERE","Sylvie","ENS",5696,21.71,"Entre 20 et 24 %",2
"93","9309",73725,42391,31334,500,208,30626,"SAADA","Alexandre","ENS",6214,20.29,"Entre 20 et 24 %",2
"93","9310",69231,43862,25369,495,162,24712,"BAKHTI-ALOUT","Sonia","ENS",2593,10.49,"Moins de 20 %",1
"93","9311",63403,42520,20883,362,153,20368,"OUARET","Hakima","ENS",2181,10.71,"Moins de 20 %",1
"93","9312",65408,40651,24757,361,121,24275,"TESTÉ","Stéphane","ENS",5793,23.86,"Entre 20 et 24 %",2
"94","9401",85131,41659,43472,498,203,42771,"DESCROZAILLE","Frédéric","ENS",12291,28.74,"Entre 28 et 32 %",4
"94","9402",66102,39252,26850,450,186,26214,"MBAYE","Jean François","ENS",6024,22.98,"Entre 20 et 24 %",2
"94","9403",74029,42748,31281,547,153,30581,"SAINT-MARTIN","Laurent","ENS",7804,25.52,"Entre 24 et 28 %",3
"94","9404",74044,38823,35221,479,215,34527,"PETIT","Maud","ENS",10085,29.21,"Entre 28 et 32 %",4
"94","9405",90274,46965,43309,575,143,42591,"LEFEVRE","Mathieu","ENS",12544,29.45,"Entre 28 et 32 %",4
"94","9406",82107,37174,44933,462,172,44299,"GOUFFIER-CHA","Guillaume","ENS",16126,36.4,"Plus de 32 %",5
"94","9407",66243,35554,30689,436,158,30095,"MARACINEANU","Roxana","ENS",7153,23.77,"Entre 20 et 24 %",2
"94","9408",78513,35939,42574,362,141,42071,"WARGON","Emmanuelle","ENS",7964,18.93,"Moins de 20 %",1
"94","9409",54153,31504,22649,405,259,21985,"ROSENBLUM","Jonathan","ENS",4453,20.25,"Entre 20 et 24 %",2
"94","9410",67111,37021,30090,499,193,29398,"HARDOUIN","Philippe","ENS",6113,20.79,"Entre 20 et 24 %",2
"94","9411",64976,34148,30828,506,139,30183,"CALVEZ","Erwann","ENS",7663,25.39,"Entre 24 et 28 %",3
"95","9501",82729,42180,40549,578,143,39828,"CHANDLER","Emilie","ENS",9472,23.78,"Entre 20 et 24 %",2
"95","9502",78157,41887,36270,512,146,35612,"VUILLETET","Guillaume","ENS",10252,28.79,"Entre 28 et 32 %",4
"95","9503",94585,50566,44019,539,183,43297,"RILHAC","Cécile","ENS",12284,28.37,"Entre 28 et 32 %",4
"95","9504",75579,39248,36331,384,134,35813,"MOUTCHOU","Naïma","ENS",10397,29.03,"Entre 28 et 32 %",4
"95","9505",69259,43661,25598,413,146,25039,"LAZAAR","Fiona","ENS",5264,21.02,"Entre 20 et 24 %",2
"95","9506",75335,41230,34105,381,148,33576,"FOLEST","Estelle","ENS",7470,22.25,"Entre 20 et 24 %",2
"95","9507",69364,40275,29089,406,135,28548,"DA SILVA","Dominique","ENS",7846,27.48,"Entre 24 et 28 %",3
"95","9508",54509,36566,17943,354,129,17460,"PUPPONI","François","ENS",4263,24.42,"Entre 24 et 28 %",3
"95","9509",70489,43801,26688,453,202,26033,"PARK","Zivka","ENS",5219,20.05,"Entre 20 et 24 %",2
"95","9510",67935,39230,28705,581,140,27984,"LACHAS","Victorien","ENS",6565,23.46,"Entre 20 et 24 %",2
"18","1801",71167,35638,35529,765,183,34581,"CORMIER BOULIGEON","François","ENS",11113,32.14,"Plus de 32 %",5
"18","1802",68867,36244,32623,572,219,31832,"ESSAYAN","Nadia","ENS",7193,22.6,"Entre 20 et 24 %",2
"18","1803",84519,42423,42096,968,339,40789,"KERVRAN","Loïc","ENS",13299,32.6,"Plus de 32 %",5
"28","2801",91214,46225,44989,561,248,44180,"KASBARIAN","Guillaume","ENS",13838,31.32,"Entre 28 et 32 %",4
"28","2802",75045,42324,32721,403,153,32165,"DAVID","Maxime","ENS",5271,16.39,"Moins de 20 %",1
"28","2803",71342,37670,33672,523,222,32927,"LAMIRAULT","Luc","ENS",9505,28.87,"Entre 28 et 32 %",4
"28","2804",67250,33681,33569,455,181,32933,"VIGIER","Philippe","ENS",14050,42.66,"Plus de 32 %",5
"36","3601",77777,39785,37992,730,384,36878,"JOLIVET","François","ENS",10152,27.53,"Entre 24 et 28 %",3
"36","3602",88364,42313,46051,989,450,44612,"GUERIN","Sophie","ENS",8192,18.36,"Moins de 20 %",1
"37","3701",71139,35807,35332,330,146,34856,"CHALUMEAU","Philippe","ENS",9545,27.38,"Entre 24 et 28 %",3
"37","3702",92211,44303,47908,751,295,46862,"LABARONNE","Daniel","ENS",15175,32.38,"Plus de 32 %",5
"37","3703",99409,48032,51377,854,310,50213,"ALFANDARI","Henri","ENS",12686,25.26,"Entre 24 et 28 %",3
"37","3704",92304,45720,46584,707,316,45561,"COLBOC","Fabienne","ENS",13666,29.99,"Entre 28 et 32 %",4
"37","3705",87110,43163,43947,639,276,43032,"THILLAYE","Sabine","ENS",12543,29.15,"Entre 28 et 32 %",4
"41","4101",82775,41223,41552,649,282,40621,"FESNEAU","Marc","ENS",12986,31.97,"Entre 28 et 32 %",4
"41","4102",80246,39744,40502,714,297,39491,"CHAPLAULT","Emmanuelle","ENS",8009,20.28,"Entre 20 et 24 %",2
"41","4103",81926,38630,43296,781,318,42197,"MARION","Christophe","ENS",10357,24.54,"Entre 24 et 28 %",3
"45","4501",77605,38526,39079,554,195,38330,"RIST","Stéphanie","ENS",13988,36.49,"Plus de 32 %",5
"45","4502",87297,45300,41997,585,253,41159,"JANVIER","Caroline","ENS",11978,29.1,"Entre 28 et 32 %",4
"45","4503",70874,34617,36257,570,222,35465,"BARBIER","Carine","ENS",7420,20.92,"Entre 20 et 24 %",2
"45","4504",74814,39061,35753,591,228,34934,"BLANQUER","Jean-Michel","ENS",6600,18.89,"Moins de 20 %",1
"45","4505",73664,37920,35744,585,212,34947,"BROSSE","Anthony","ENS",7597,21.74,"Entre 20 et 24 %",2
"45","4506",75166,37741,37425,597,233,36595,"RAMOS","Richard","ENS",11851,32.38,"Plus de 32 %",5
"21","2101",70368,32512,37856,424,133,37299,"MARTIN","Didier","ENS",11622,31.16,"Entre 28 et 32 %",4
"21","2102",71505,36160,35345,607,172,34566,"BORDAT","Benoît","ENS",9347,27.04,"Entre 24 et 28 %",3
"21","2103",72546,37877,34669,569,177,33923,"KHATTABI","Fadila","ENS",8701,25.65,"Entre 24 et 28 %",3
"21","2104",68395,31084,37311,560,177,36574,"DE COURSON","Yolaine","ENS",5868,16.04,"Moins de 20 %",1
"21","2105",85686,42560,43126,673,244,42209,"PARIS","Didier","ENS",11326,26.83,"Entre 24 et 28 %",3
"25","2501",76204,38419,37785,513,256,37016,"CROIZIER","Laurent","ENS",9901,26.75,"Entre 24 et 28 %",3
"25","2502",79162,37688,41474,819,328,40327,"ALAUZET","Eric","ENS",12647,31.36,"Entre 28 et 32 %",4
"25","2503",64514,33263,31251,692,228,30331,"PACQUOT","Nicolas","ENS",6919,22.81,"Entre 20 et 24 %",2
"25","2504",65534,36069,29465,450,230,28785,"BARBIER","Frédéric","ENS",7878,27.37,"Entre 24 et 28 %",3
"25","2505",84707,43806,40901,542,201,40158,"ALPY","Philippe","ENS",7825,19.49,"Moins de 20 %",1
"39","3901",65020,30747,34273,606,328,33339,"BRULEBOIS","Danielle","ENS",12247,36.73,"Plus de 32 %",5
"39","3902",55796,28085,27711,422,156,27133,"GALLOIS JOBEZ","Delphine","ENS",5047,18.6,"Moins de 20 %",1
"39","3903",70381,33854,36527,590,244,35693,"PROST","Anne-Colette","ENS",5349,14.99,"Moins de 20 %",1
"58","5801",74654,39023,35631,886,240,34505,"GOULET","Perrine","ENS",11287,32.71,"Plus de 32 %",5
"58","5802",79766,37488,42278,794,446,41038,"PERROT","Patrice","ENS",11010,26.83,"Entre 24 et 28 %",3
"70","7001",88333,41699,46634,795,564,45275,"BESSOT BALLOT","Barbara","ENS",10155,22.43,"Entre 20 et 24 %",2
"70","7002",89814,44184,45630,895,549,44186,"LEJEUNE","Christophe","ENS",11353,25.69,"Entre 24 et 28 %",3
"71","7101",74569,37625,36944,572,222,36150,"DIRX","Benjamin","ENS",13041,36.07,"Plus de 32 %",5
"71","7102",77216,38243,38973,596,264,38113,"GAUTHIER","Laurence","ENS",6188,16.24,"Moins de 20 %",1
"71","7103",81163,40609,40554,823,348,39383,"REBEYROTTE","Rémy","ENS",12500,31.74,"Entre 28 et 32 %",4
"71","7104",83048,43315,39733,756,280,38697,"ROBLOT","Elisabeth","ENS",7893,20.4,"Entre 20 et 24 %",2
"71","7105",88039,46648,41391,650,346,40395,"MARGUERITTE","Louis","ENS",9578,23.71,"Entre 20 et 24 %",2
"89","8901",75757,36467,39290,578,198,38514,"ALBRECHT","Victor","ENS",7509,19.5,"Moins de 20 %",1
"89","8902",73470,36738,36732,855,281,35596,"VILLIERS","André","ENS",10402,29.22,"Entre 28 et 32 %",4
"89","8903",89720,46558,43162,581,223,42358,"CROUZET","Michèle","ENS",9114,21.52,"Entre 20 et 24 %",2
"90","9001",47752,24436,23316,422,164,22730,"GRUDLER","Thiebaud","ENS",4671,20.55,"Entre 20 et 24 %",2
"90","9002",46494,23277,23217,427,295,22495,"PETITJEAN","Baptiste","ENS",4134,18.38,"Moins de 20 %",1
"14","1401",72797,33965,38832,588,203,38041,"LE VIGOUREUX","Fabrice","ENS",11507,30.25,"Entre 28 et 32 %",4
"14","1402",68611,34532,34079,450,209,33420,"DUMONT PRIEUX","Sylvie","ENS",8138,24.35,"Entre 24 et 28 %",3
"14","1403",79776,40819,38957,603,303,38051,"PATRIER-LEITUS","Jérémie","ENS",8531,22.42,"Entre 20 et 24 %",2
"14","1404",104659,51234,53425,722,286,52417,"BLANCHET","Christophe","ENS",19101,36.44,"Plus de 32 %",5
"14","1405",92550,43204,49346,593,218,48535,"BOUYX","Bertrand","ENS",13515,27.85,"Entre 24 et 28 %",3
"14","1406",96452,47111,49341,827,463,48051,"BORNE","Elisabeth","ENS",16491,34.32,"Plus de 32 %",5
"27","2701",86794,46314,40480,668,232,39580,"GIPSON","Séverine","ENS",10583,26.74,"Entre 24 et 28 %",3
"27","2702",79041,39250,39791,721,201,38869,"GOUTTEFARDE","Fabien","ENS",9994,25.71,"Entre 24 et 28 %",3
"27","2703",85737,42270,43467,757,229,42481,"TAMARELLE-VERHAEGHE","Marie","ENS",9849,23.18,"Entre 20 et 24 %",2
"27","2704",92582,47898,44684,814,389,43481,"QUESTEL","Bruno","ENS",10727,24.67,"Entre 24 et 28 %",3
"27","2705",89556,45716,43840,674,209,42957,"OUZILLEAU","François","ENS",11912,27.73,"Entre 24 et 28 %",3
"50","5001",87531,44260,43271,548,208,42515,"PIEN","Laurent","ENS",7421,17.46,"Moins de 20 %",1
"50","5002",96968,47279,49689,932,379,48378,"SORRE","Bertrand","ENS",20620,42.62,"Plus de 32 %",5
"50","5003",110854,54290,56564,959,298,55307,"TRAVERT","Stéphane","ENS",18678,33.77,"Plus de 32 %",5
"50","5004",89408,46490,42918,670,234,42014,"KRIMI","Sonia","ENS",12664,30.14,"Entre 28 et 32 %",4
"61","6101",68571,34895,33676,722,270,32684,"DUHARD","Marie-Annick","ENS",7572,23.17,"Entre 20 et 24 %",2
"61","6102",66070,32578,33492,468,143,32881,"EL KHALEDI","Amale","ENS",4562,13.87,"Moins de 20 %",1
"61","6103",71115,35359,35756,604,240,34912,"GIBAULT","Solène","ENS",4787,13.71,"Moins de 20 %",1
"76","7601",66671,32847,33824,285,116,33423,"ADAM","Damien","ENS",9424,28.2,"Entre 28 et 32 %",4
"76","7602",95300,44038,51262,840,216,50206,"VIDAL","Annie","ENS",16332,32.53,"Plus de 32 %",5
"76","7603",70115,38900,31215,376,206,30633,"OSSIBI","Letycia","ENS",5026,16.41,"Moins de 20 %",1
"76","7604",87114,47116,39998,827,245,38926,"SYLLA","Sira","ENS",7004,17.99,"Moins de 20 %",1
"76","7605",95163,48371,46792,724,217,45851,"DELALANDRE","Jean","ENS",11835,25.81,"Entre 24 et 28 %",3
"76","7606",109820,53505,56315,805,285,55225,"BROUTTÉ","Lisa","ENS",11010,19.94,"Moins de 20 %",1
"76","7607",86787,45943,40844,1137,80,39627,"FIRMIN LE BODO","Agnès","ENS",15505,39.13,"Plus de 32 %",5
"76","7608",65773,39894,25879,774,24,25081,"ECHCHENNA","Wasil","ENS",6120,24.4,"Entre 24 et 28 %",3
"76","7609",95656,48032,47624,895,258,46471,"POUSSIER-WINSBACK","Marie-Agnès","ENS",13184,28.37,"Entre 28 et 32 %",4
"76","7610",110309,53048,57261,1206,317,55738,"BATUT","Xavier","ENS",17046,30.58,"Entre 28 et 32 %",4
"02","0201",72479,37772,34707,546,227,33934,"BONO-VANDORME","Aude","ENS",7939,23.4,"Entre 20 et 24 %",2
"02","0202",73176,39923,33253,473,187,32593,"EL OUASDI","Fatima","ENS",3755,11.52,"Moins de 20 %",1
"02","0204",78792,44526,34266,548,201,33517,"DELATTE","Marc","ENS",7632,22.77,"Entre 20 et 24 %",2
"02","0205",83141,43824,39317,588,191,38538,"ROUSSEL","Jeanne","ENS",6214,16.12,"Moins de 20 %",1
"59","5901",64224,34907,29317,351,148,28818,"DUHAMEL","Vanessa","ENS",6071,21.07,"Entre 20 et 24 %",2
"59","5902",86831,46451,40380,558,246,39576,"ELEGEEST","Rudy","ENS",9823,24.82,"Entre 24 et 28 %",3
"59","5903",92320,55309,37011,492,204,36315,"DI POMPEO","Christophe","ENS",5455,15.02,"Moins de 20 %",1
"59","5904",101667,52284,49383,547,224,48612,"LISO","Brigitte","ENS",14658,30.15,"Entre 28 et 32 %",4
"59","5905",101579,51649,49930,797,233,48900,"CAUDERLIER","Frédéric","ENS",12012,24.56,"Entre 24 et 28 %",3
"59","5906",93696,44317,49379,622,223,48534,"PARMENTIER-LECOCQ","Charlotte","ENS",16307,33.6,"Plus de 32 %",5
"59","5907",73597,40974,32623,353,154,32116,"GÉRARD","Félicie","ENS",8596,26.77,"Entre 24 et 28 %",3
"59","5908",68585,46222,22363,387,171,21805,"OSSON","Catherine","ENS",5267,24.16,"Entre 24 et 28 %",3
"59","5909",92342,48253,44089,433,148,43508,"SPILLEBOUT","Violette","ENS",13889,31.92,"Entre 28 et 32 %",4
"59","5910",82222,50965,31257,501,177,30579,"DARMANIN","Gérald","ENS",11950,39.08,"Plus de 32 %",5
"59","5911",94411,50851,43560,490,233,42837,"PIETRASZEWSKI","Laurent","ENS",10953,25.57,"Entre 24 et 28 %",3
"59","5912",93096,51696,41400,688,236,40476,"CATTELOT","Anne Laure","ENS",11055,27.31,"Entre 24 et 28 %",3
"59","5913",86991,51187,35804,805,245,34754,"DECODTS","Christine","ENS",11317,32.56,"Plus de 32 %",5
"59","5914",99404,51986,47418,890,359,46169,"CHRISTOPHE","Paul","ENS",15582,33.75,"Plus de 32 %",5
"59","5915",97792,50543,47249,938,388,45923,"NICOLET","Claude","ENS",8084,17.6,"Moins de 20 %",1
"59","5916",83726,48329,35397,567,203,34627,"RYBAK","Chantal","ENS",5245,15.15,"Moins de 20 %",1
"59","5917",73652,41250,32402,573,187,31642,"HOUBRON","Dimitri","ENS",7636,24.13,"Entre 24 et 28 %",3
"59","5918",91104,49941,41163,544,190,40429,"LOYEZ","Philippe","ENS",4980,12.32,"Moins de 20 %",1
"59","5919",80357,46376,33981,488,217,33276,"CHERRIER","Emmanuel","ENS",5839,17.55,"Moins de 20 %",1
"59","5920",81518,49220,32298,451,168,31679,"ALEXANDRE","Delphine","ENS",4654,14.69,"Moins de 20 %",1
"60","6001",83108,43338,39770,454,215,39101,"JOLY","Aurélie","ENS",5019,12.84,"Moins de 20 %",1
"60","6002",89121,46774,42347,705,295,41347,"HERBANNE","Chanez","ENS",8900,21.53,"Entre 20 et 24 %",2
"60","6003",73818,43189,30629,463,199,29967,"BOIS","Pascal","ENS",6415,21.41,"Entre 20 et 24 %",2
"60","6004",93547,48056,45491,680,209,44602,"WOERTH","Eric","ENS",12044,27,"Entre 24 et 28 %",3
"60","6005",73322,38567,34755,391,152,34212,"DIOT","Etienne","ENS",6860,20.05,"Entre 20 et 24 %",2
"60","6006",75884,39064,36820,570,187,36063,"BUREAU-BONNARD","Carole","ENS",7875,21.84,"Entre 20 et 24 %",2
"60","6007",76841,41287,35554,447,191,34916,"VAN ELSUWE","Ophélie","ENS",4845,13.88,"Moins de 20 %",1
"62","6201",104993,52622,52371,914,482,50975,"DUVERGÉ","Bruno","ENS",12396,24.32,"Entre 24 et 28 %",3
"62","6202",87615,43458,44157,731,452,42974,"MAQUET","Jacqueline","ENS",12234,28.47,"Entre 28 et 32 %",4
"62","6203",83196,48427,34769,465,278,34026,"BAYS","Nicolas","ENS",4379,12.87,"Moins de 20 %",1
"62","6204",89982,44381,45601,862,418,44321,"FAIT","Philippe","ENS",13168,29.71,"Entre 28 et 32 %",4
"62","6205",90592,49973,40619,535,274,39810,"PONT","Jean-Pierre","ENS",9923,24.93,"Entre 24 et 28 %",3
"62","6206",93771,46738,47033,904,442,45687,"BOURGUIGNON","Brigitte","ENS",14667,32.1,"Plus de 32 %",5
"62","6207",94066,54590,39476,473,272,38731,"WAROCZYK","Henri","ENS",6063,15.65,"Moins de 20 %",1
"62","6208",92192,47025,45167,598,367,44202,"POTTERIE","Benoît","ENS",9440,21.36,"Entre 20 et 24 %",2
"62","6209",80121,41475,38646,652,325,37669,"DEPREZ-AUDEBERT","Marguerite","ENS",8626,22.9,"Entre 20 et 24 %",2
"62","6210",88835,49538,39297,735,367,38195,"DAGBERT","Michel","ENS",6945,18.18,"Moins de 20 %",1
"62","6211",94162,54048,40114,482,308,39324,"PINTUS","Alexandrine","ENS",4846,12.32,"Moins de 20 %",1
"62","6212",96495,55487,41008,869,424,39715,"DEBRUYNE","Patrick","ENS",5927,14.92,"Moins de 20 %",1
"80","8001",84040,45452,38588,675,292,37621,"RIFFLART","Pascal","ENS",7640,20.31,"Entre 20 et 24 %",2
"80","8002",77978,40693,37285,581,197,36507,"POMPILI","Barbara","ENS",10895,29.84,"Entre 28 et 32 %",4
"80","8003",82597,39096,43501,903,288,42310,"BRANLANT","Albane","ENS",7490,17.7,"Moins de 20 %",1
"80","8004",85122,41991,43131,1018,285,41828,"LECLABART","Jean-Claude","ENS",10497,25.1,"Entre 24 et 28 %",3
"80","8005",81341,41325,40016,676,194,39146,"CARON-DECROIX","Virginie","ENS",7806,19.94,"Moins de 20 %",1
"08","0801",70937,37927,33010,516,245,32249,"VUIBERT","Lionel","ENS",6602,20.47,"Entre 20 et 24 %",2
"08","0802",60726,34278,26448,264,113,26071,"BEDDELEM","Polina","ENS",3309,12.69,"Moins de 20 %",1
"08","0803",55268,28956,26312,278,177,25857,"DRION","Estelle","ENS",2235,8.64,"Moins de 20 %",1
"10","1001",64531,32444,32087,502,170,31415,"BESSON-MOREAU","Grégory","ENS",7615,24.24,"Entre 24 et 28 %",3
"10","1002",75264,38089,37175,507,179,36489,"FONTAINE-GARCIA","Salomé","ENS",6130,16.8,"Moins de 20 %",1
"10","1003",66547,35552,30995,468,184,30343,"BEURY","Loëtitia","ENS",6546,21.57,"Entre 20 et 24 %",2
"51","5101",74453,42006,32447,342,121,31984,"ALBERTINI","Xavier","ENS",9120,28.51,"Entre 28 et 32 %",4
"51","5102",74637,40287,34350,433,1108,32809,"MILLER","Laure","ENS",6964,21.23,"Entre 20 et 24 %",2
"51","5103",80021,43801,36220,632,350,35238,"GIRARDIN","Eric","ENS",10841,30.77,"Entre 28 et 32 %",4
"51","5104",77088,42298,34790,499,165,34126,"MAGNIER","Lise","ENS",11329,33.2,"Plus de 32 %",5
"51","5105",75988,38735,37253,441,147,36665,"PESTRE","Isabelle","ENS",3268,8.91,"Moins de 20 %",1
"52","5201",70037,34593,35444,501,229,34714,"ABBA","Bérangère","ENS",7342,21.15,"Entre 20 et 24 %",2
"52","5202",59449,31315,28134,388,153,27593,"DAVAL","Déborah","ENS",3122,11.31,"Moins de 20 %",1
"54","5401",82436,42656,39780,524,198,39058,"GRANDJEAN","Carole","ENS",13159,33.69,"Plus de 32 %",5
"54","5402",67490,33847,33643,423,152,33068,"LACRESSE","Emmanuel","ENS",10448,31.6,"Entre 28 et 32 %",4
"54","5403",80739,50601,30138,441,175,29522,"PALUSZKIEWICZ","Xavier","ENS",7429,25.16,"Entre 24 et 28 %",3
"54","5404",97548,51229,46319,569,243,45507,"THOMAS","Rachel","ENS",7170,15.76,"Moins de 20 %",1
"54","5405",78445,40492,37953,501,168,37284,"BRET","Marika","ENS",5268,14.13,"Moins de 20 %",1
"54","5406",87286,49647,37639,591,181,36867,"TOPARSLAN","Ergün","ENS",6705,18.19,"Moins de 20 %",1
"55","5501",75640,38934,36706,601,241,35864,"RAFFNER KIEFER","Sandrine","ENS",4797,13.38,"Moins de 20 %",1
"55","5502",59520,32306,27214,453,156,26605,"BOIS","Anne","ENS",5101,19.17,"Moins de 20 %",1
"57","5701",93029,55249,37780,585,208,36987,"BELHADDAD","Belkhir","ENS",9023,24.4,"Entre 24 et 28 %",3
"57","5702",76226,42043,34183,512,145,33526,"MENDES","Ludovic","ENS",8005,23.88,"Entre 20 et 24 %",2
"57","5703",75859,41568,34291,443,149,33699,"LIOGER","Richard","ENS",5012,14.87,"Moins de 20 %",1
"57","5704",80994,43316,37678,537,139,37002,"CRENNER","Emilie","ENS",4974,13.44,"Moins de 20 %",1
"57","5705",72425,42765,29660,509,180,28971,"TRISSE","Nicole","ENS",6802,23.48,"Entre 20 et 24 %",2
"57","5706",66885,43212,23673,369,161,23143,"AREND","Christophe","ENS",5122,22.13,"Entre 20 et 24 %",2
"57","5707",89488,53192,36296,573,165,35558,"ZANNIER","Hélène","ENS",7851,22.08,"Entre 20 et 24 %",2
"57","5708",91160,58672,32488,577,168,31743,"HAMMOUCHE","Brahim","ENS",7455,23.49,"Entre 20 et 24 %",2
"57","5709",101695,59533,42162,759,229,41174,"RAUCH","Isabelle","ENS",13406,32.56,"Plus de 32 %",5
"67","6701",62677,30864,31813,262,92,31459,"FONTANEL","Alain","ENS",9085,28.88,"Entre 28 et 32 %",4
"67","6702",73361,38240,35121,331,131,34659,"WASERMAN","Sylvain","ENS",10506,30.31,"Entre 28 et 32 %",4
"67","6703",70914,38491,32423,320,95,32008,"STUDER","Bruno","ENS",11123,34.75,"Plus de 32 %",5
"67","6704",97910,50791,47119,550,195,46374,"BUFFET","Françoise","ENS",14554,31.38,"Entre 28 et 32 %",4
"67","6705",106170,57594,48576,640,266,47670,"SITZENSTUHL","Charles","ENS",15550,32.62,"Plus de 32 %",5
"67","6706",97605,52470,45135,516,181,44438,"MOREL","Louise","ENS",11267,25.35,"Entre 24 et 28 %",3
"67","6707",85738,46583,39155,491,262,38402,"DEPYL","Patrick","ENS",5206,13.56,"Moins de 20 %",1
"67","6708",94515,53686,40829,550,221,40058,"KOCHERT","Stéphanie","ENS",9849,24.59,"Entre 24 et 28 %",3
"67","6709",95481,53635,41846,462,199,41185,"THIEBAUT","Vincent","ENS",11748,28.52,"Entre 28 et 32 %",4
"68","6801",78280,43605,34675,403,170,34102,"KLINKERT","Brigitte","ENS",11791,34.58,"Plus de 32 %",5
"68","6802",92578,48686,43892,624,220,43048,"OTT","Hubert","ENS",12272,28.51,"Entre 28 et 32 %",4
"68","6803",87098,48042,39056,442,154,38460,"LEMAIRE","Didier","ENS",7563,19.66,"Moins de 20 %",1
"68","6804",103981,58490,45491,673,446,44372,"MAYER","Sandrine","ENS",8469,19.09,"Moins de 20 %",1
"68","6805",77044,44611,32433,571,106,31756,"BECHT","Olivier","ENS",12801,40.31,"Plus de 32 %",5
"68","6806",94467,56288,38179,688,198,37293,"FUCHS","Bruno","ENS",11996,32.17,"Plus de 32 %",5
"88","8801",76767,40303,36464,572,213,35679,"MONANGE","Anne-Sophie","ENS",5439,15.24,"Moins de 20 %",1
"88","8802",72545,37677,34868,646,244,33978,"VALENCE","David","ENS",10233,30.12,"Entre 28 et 32 %",4
"88","8803",63940,31350,32590,381,146,32063,"VILLEMIN","Stéphanie","ENS",3758,11.72,"Moins de 20 %",1
"88","8804",65296,31812,33484,545,254,32685,"LAURENT","Christophe","ENS",4490,13.74,"Moins de 20 %",1
"44","4401",77125,34947,42178,573,101,41504,"BELHAMITI","Mounir","ENS",13067,31.48,"Entre 28 et 32 %",4
"44","4402",91433,40126,51307,662,191,50454,"OPPELT","Valérie","ENS",14350,28.44,"Entre 28 et 32 %",4
"44","4403",96735,48854,47881,1031,221,46629,"BRUNET","Anne-France","ENS",13662,29.3,"Entre 28 et 32 %",4
"44","4404",93261,45027,48234,585,257,47392,"AMADOU","Aude","ENS",13908,29.35,"Entre 28 et 32 %",4
"44","4405",125896,59856,66040,1033,297,64710,"EL HAIRY","Sarah","ENS",24235,37.45,"Plus de 32 %",5
"44","4406",115370,59617,55753,1132,433,54188,"ESNAULT","Jordan","ENS",13649,25.19,"Entre 24 et 28 %",3
"44","4407",117302,57535,59767,1095,358,58314,"JOSSO","Sandrine","ENS",13108,22.48,"Entre 20 et 24 %",2
"44","4408",90125,47488,42637,507,202,41928,"DUFEU","Audrey","ENS",11341,27.05,"Entre 24 et 28 %",3
"44","4409",129927,64111,65816,1120,410,64286,"HAURY","Yannick","ENS",16449,25.59,"Entre 24 et 28 %",3
"44","4410",123757,59919,63838,1000,488,62350,"ERRANTE","Sophie","ENS",19638,31.5,"Entre 28 et 32 %",4
"49","4901",88006,42997,45009,709,228,44072,"GERNIGON","François","ENS",15381,34.9,"Plus de 32 %",5
"49","4902",94016,46268,47748,812,270,46666,"DUPONT","Stella","ENS",18538,39.72,"Plus de 32 %",5
"49","4903",72564,37968,34596,676,251,33669,"HOLLEY","Simon","ENS",7290,21.65,"Entre 20 et 24 %",2
"49","4904",76227,38242,37985,721,253,37011,"SAINT-PAUL","Laëtitia","ENS",14298,38.63,"Plus de 32 %",5
"49","4905",79420,43412,36008,722,273,35013,"MASSEGLIA","Denis","ENS",11073,31.63,"Entre 28 et 32 %",4
"49","4906",98372,51365,47007,1197,463,45347,"DUBRE CHIRAT","Nicole","ENS",14074,31.04,"Entre 28 et 32 %",4
"49","4907",82870,41688,41182,860,300,40022,"BOLO","Philippe","ENS",16333,40.81,"Plus de 32 %",5
"53","5301",73723,37242,36481,583,257,35641,"MOTTIER","Béatrice","ENS",8415,23.61,"Entre 20 et 24 %",2
"53","5302",79066,40920,38146,816,355,36975,"BANNIER","Géraldine","ENS",10019,27.1,"Entre 24 et 28 %",3
"53","5303",72427,37734,34693,758,349,33586,"FAVENNEC","Yannick","ENS",19187,57.13,"Plus de 32 %",5
"72","7201",73499,38124,35375,827,142,34406,"DELPECH","Julie","ENS",8517,24.75,"Entre 24 et 28 %",3
"72","7202",83267,47585,35682,868,138,34676,"MONET","Alexandra","ENS",6517,18.79,"Moins de 20 %",1
"72","7203",86562,46699,39863,838,365,38660,"MARTINEAU","Eric","ENS",10071,26.05,"Entre 24 et 28 %",3
"72","7204",80894,43915,36979,746,212,36021,"LE FLOCH-IMAD","Joachim","ENS",6876,19.09,"Moins de 20 %",1
"72","7205",87876,47090,40786,1147,306,39333,"GRELIER","Jean-Carles","ENS",13267,33.73,"Plus de 32 %",5
"85","8501",118646,62696,55950,1123,591,54236,"LATOMBE","Philippe","ENS",16624,30.65,"Entre 28 et 32 %",4
"85","8502",112160,55519,56641,1017,424,55200,"BELLAMY","Béatrice","ENS",14334,25.97,"Entre 24 et 28 %",3
"85","8503",135251,67719,67532,928,431,66173,"BUCHOU","Stéphane","ENS",23870,36.07,"Plus de 32 %",5
"85","8504",102676,53141,49535,853,339,48343,"LEGUILLE-BALLOY","Martine","ENS",10531,21.78,"Entre 20 et 24 %",2
"85","8505",84108,41913,42195,770,367,41058,"HENRIET","Pierre","ENS",15353,37.39,"Plus de 32 %",5
"22","2201",91910,43151,48759,795,333,47631,"COSSON","Mickaël","ENS",11817,24.81,"Entre 24 et 28 %",3
"22","2202",103405,45493,57912,777,390,56745,"BERVILLE","Hervé","ENS",20946,36.91,"Plus de 32 %",5
"22","2203",88969,39690,49279,494,320,48465,"ALLAIN","Olivier","ENS",9049,18.67,"Moins de 20 %",1
"22","2204",81079,36361,44718,766,390,43562,"KERLOGOT","Yannick","ENS",11296,25.93,"Entre 24 et 28 %",3
"22","2205",107754,46694,61060,798,320,59942,"BOTHOREL","Eric","ENS",18543,30.93,"Entre 28 et 32 %",4
"29","2901",92327,42054,50273,806,345,49122,"LE MEUR","Annaïg","ENS",17432,35.49,"Plus de 32 %",5
"29","2902",79064,40061,39003,935,38,38030,"COATANEA","Marc","ENS",5159,13.57,"Moins de 20 %",1
"29","2903",93142,45066,48076,918,167,46991,"LE GAC","Didier","ENS",19442,41.37,"Plus de 32 %",5
"29","2904",84015,39130,44885,682,229,43974,"LE FEUR","Sandrine","ENS",15295,34.78,"Plus de 32 %",5
"29","2905",97851,47227,50624,653,216,49755,"MELCHIOR","Graziella","ENS",15555,31.26,"Entre 28 et 32 %",4
"29","2906",91259,41001,50258,716,297,49245,"FERRAND","Richard","ENS",16526,33.56,"Plus de 32 %",5
"29","2907",83306,37467,45839,685,326,44828,"TANGUY","Liliana","ENS",14001,31.23,"Entre 28 et 32 %",4
"29","2908",91066,42878,48188,970,554,46664,"BALANANT","Erwan","ENS",16270,34.87,"Plus de 32 %",5
"35","3501",93482,43440,50042,773,321,48948,"SAOUD","Hind","ENS",15992,32.67,"Plus de 32 %",5
"35","3502",98259,42410,55849,913,282,54654,"MAILLART-MÉHAIGNERIE","Laurence","ENS",22630,41.41,"Plus de 32 %",5
"35","3503",91835,43669,48166,768,308,47090,"MARTINS","Christophe","ENS",15317,32.53,"Plus de 32 %",5
"35","3504",95807,47381,48426,893,401,47132,"PATAULT","Anne","ENS",14035,29.78,"Entre 28 et 32 %",4
"35","3505",109714,54316,55398,939,445,54014,"LE NABOUR-CLOAREC","Christine","ENS",18595,34.43,"Plus de 32 %",5
"35","3506",90274,43256,47018,791,335,45892,"BENOIT","Thierry","ENS",21513,46.88,"Plus de 32 %",5
"35","3507",105132,50143,54989,677,278,54034,"LE GAGNE","Anne","ENS",15330,28.37,"Entre 28 et 32 %",4
"35","3508",90991,40660,50331,657,226,49448,"BACHELIER","Florian","ENS",15950,32.26,"Plus de 32 %",5
"56","5601",114850,52116,62734,788,254,61692,"LE HÉNANFF","Anne","ENS",21004,34.05,"Plus de 32 %",5
"56","5602",112403,52195,60208,880,348,58980,"PAHUN","Jimmy","ENS",19426,32.94,"Plus de 32 %",5
"56","5603",96628,47683,48945,832,391,47722,"LE PEIH","Nicole","ENS",13902,29.13,"Entre 28 et 32 %",4
"56","5604",111731,52720,59011,581,263,58167,"GUEGAN","Rozenn","ENS",10624,18.26,"Moins de 20 %",1
"56","5605",81829,40041,41788,585,162,41041,"MÉTAYER","Lysiane","ENS",9423,22.96,"Entre 20 et 24 %",2
"56","5606",93727,45125,48602,922,388,47292,"JACQUES","Jean-Michel","ENS",16452,34.79,"Plus de 32 %",5
"16","1601",83777,42466,41311,522,280,40509,"MESNIER","Thomas","ENS",12336,30.45,"Entre 28 et 32 %",4
"16","1602",83697,42385,41312,773,330,40209,"MARSAUD","Sandra","ENS",11568,28.77,"Entre 28 et 32 %",4
"16","1603",90900,43810,47090,1046,598,45446,"MOCOEUR","Sylvie","ENS",9286,20.43,"Entre 20 et 24 %",2
"17","1701",110467,54879,55588,370,166,55052,"MADELAINE","Martine","ENS",12656,22.99,"Entre 20 et 24 %",2
"17","1702",112182,56838,55344,784,282,54278,"BABAULT","Anne-Laure","ENS",15246,28.09,"Entre 28 et 32 %",4
"17","1703",84182,41977,42205,706,283,41216,"ARDOUIN","Jean-Philippe","ENS",10111,24.53,"Entre 24 et 28 %",3
"17","1704",94405,46888,47517,897,438,46182,"GERARD","Raphaël","ENS",12743,27.59,"Entre 24 et 28 %",3
"17","1705",119708,58931,60777,679,311,59787,"PLASSARD","Christophe","ENS",14245,23.83,"Entre 20 et 24 %",2
"19","1901",92420,38505,53915,1044,626,52245,"JERRETIE","Christophe","ENS",10095,19.32,"Moins de 20 %",1
"19","1902",93149,42986,50163,1116,667,48380,"BROUSSE","Nicolas","ENS",9947,20.56,"Entre 20 et 24 %",2
"23","2301",91035,41508,49527,1332,614,47581,"MOREAU","Jean-Baptiste","ENS",12368,25.99,"Entre 24 et 28 %",3
"24","2401",77866,36211,41655,704,491,40460,"CHASSAING","Philippe","ENS",8692,21.48,"Entre 20 et 24 %",2
"24","2402",84302,39679,44623,688,448,43487,"DELPON","Michel","ENS",9591,22.05,"Entre 20 et 24 %",2
"24","2403",67367,28120,39247,946,559,37742,"CUBERTAFON","Jean-Pierre","ENS",8796,23.31,"Entre 20 et 24 %",2
"33","3301",104109,52049,52060,576,203,51281,"CAZENAVE","Thomas","ENS",19604,38.23,"Plus de 32 %",5
"33","3302",72287,33986,38301,393,114,37794,"FABRE","Catherine","ENS",12407,32.83,"Plus de 32 %",5
"33","3303",89487,44682,44805,638,220,43947,"ROBERT","Fabien","ENS",12947,29.46,"Entre 28 et 32 %",4
"33","3304",98440,54125,44315,619,228,43468,"KARACA","Melissa","ENS",10431,24,"Entre 24 et 28 %",3
"33","3305",120985,61029,59956,1110,449,58397,"NOUETTE GAULAIN","Karine","ENS",14876,25.47,"Entre 24 et 28 %",3
"33","3306",108026,51615,56411,854,259,55298,"POULLIAT","Eric","ENS",19258,34.83,"Plus de 32 %",5
"33","3307",79767,36857,42910,633,220,42057,"COUILLARD","Bérangère","ENS",15252,36.27,"Plus de 32 %",5
"33","3308",119801,58927,60874,781,285,59808,"PANONACLE","Sophie","ENS",20943,35.02,"Plus de 32 %",5
"33","3309",102166,49428,52738,1102,400,51236,"METTE","Sophie","ENS",14732,28.75,"Entre 28 et 32 %",4
"33","3310",83277,40667,42610,781,347,41482,"BOUDIÉ","Florent","ENS",13565,32.7,"Plus de 32 %",5
"33","3311",98734,50204,48530,823,369,47338,"HAMMERER","Véronique","ENS",11230,23.72,"Entre 20 et 24 %",2
"33","3312",88115,40934,47181,660,283,46238,"LAVERGNE","Pascal","ENS",11366,24.58,"Entre 24 et 28 %",3
"40","4001",108518,51017,57501,1298,407,55796,"DARRIEUSSECQ","Geneviève","ENS",18633,33.39,"Plus de 32 %",5
"40","4002",123039,58533,64506,1301,424,62781,"CAUSSE","Lionel","ENS",21175,33.73,"Plus de 32 %",5
"40","4003",99462,42930,56532,1122,485,54925,"BROQUÈRES","Jean-Francois","ENS",13656,24.86,"Entre 24 et 28 %",3
"47","4701",88680,42241,46439,1073,459,44907,"LAUZZANA","Michel","ENS",13309,29.64,"Entre 28 et 32 %",4
"47","4702",77436,36278,41158,741,379,40038,"FRESCHI","Alexandre","ENS",10259,25.62,"Entre 24 et 28 %",3
"47","4703",75995,36092,39903,792,386,38725,"DAMAISIN","Olivier","ENS",7802,20.15,"Entre 20 et 24 %",2
"64","6401",69004,32478,36526,670,239,35617,"POUEYTO","Josy","ENS",11243,31.57,"Entre 28 et 32 %",4
"64","6402",83104,38518,44586,918,322,43346,"MATTEI","Jean-Paul","ENS",14826,34.2,"Plus de 32 %",5
"64","6404",80842,36338,44504,999,324,43181,"TROUNDAY","Annick","ENS",11508,26.65,"Entre 24 et 28 %",3
"64","6405",99404,49254,50150,873,257,49020,"LASSERRE","Florence","ENS",16658,33.98,"Plus de 32 %",5
"64","6406",105501,51779,53722,736,291,52695,"BRU","Vincent","ENS",15023,28.51,"Entre 28 et 32 %",4
"79","7901",90920,44447,46473,666,304,45503,"MARCHIVE","Bastien","ENS",13741,30.2,"Entre 28 et 32 %",4
"79","7902",98304,48985,49319,871,410,48038,"ROCHEFORT","Cécilia","ENS",12049,25.08,"Entre 24 et 28 %",3
"79","7903",84875,44123,40752,929,411,39412,"FIÉVET","Jean-Marie","ENS",13507,34.27,"Plus de 32 %",5
"86","8601",80577,39689,40888,728,316,39844,"BALLET-BLU","Françoise","ENS",11226,28.17,"Entre 28 et 32 %",4
"86","8602",79489,36558,42931,780,298,41853,"HOULIÉ","Sacha","ENS",15416,36.83,"Plus de 32 %",5
"86","8603",72977,35104,37873,741,333,36799,"LECAMP","Pascal","ENS",7637,20.75,"Entre 20 et 24 %",2
"86","8604",73869,38379,35490,790,359,34341,"TURQUOIS","Nicolas","ENS",12919,37.62,"Plus de 32 %",5
"87","8701",84294,40055,44239,1114,635,42490,"BEAUDOUIN HUBIERE","Sophie","ENS",11907,28.02,"Entre 28 et 32 %",4
"87","8702",98167,44371,53796,1308,825,51663,"ZAITER","Shérazade","ENS",7957,15.4,"Moins de 20 %",1
"87","8703",82045,38915,43130,1176,667,41287,"SARDIN","Geoffroy","ENS",8384,20.31,"Entre 20 et 24 %",2
"09","0901",57465,25041,32424,709,475,31240,"TRIBOUT","Anne-Sophie","ENS",6237,19.96,"Moins de 20 %",1
"09","0902",62017,28652,33365,599,325,32441,"DUTRENOIS","Rémi","ENS",4237,13.06,"Moins de 20 %",1
"11","1101",98471,48594,49877,1054,442,48381,"HÉRIN","Danièle","ENS",10636,21.98,"Entre 20 et 24 %",2
"11","1102",92627,47787,44840,643,245,43952,"PEREA","Alain","ENS",9666,21.99,"Entre 20 et 24 %",2
"11","1103",89784,39680,50104,1001,466,48637,"ROBERT","Mireille","ENS",10624,21.84,"Entre 20 et 24 %",2
"12","1201",78131,35694,42437,708,323,41406,"MAZARS","Stéphane","ENS",17580,42.46,"Plus de 32 %",5
"12","1202",69158,30194,38964,693,353,37918,"DEGUARA","Samuel","ENS",8568,22.6,"Entre 20 et 24 %",2
"12","1203",72513,32332,40181,956,483,38742,"ROUSSET","Jean-François","ENS",9742,25.15,"Entre 24 et 28 %",3
"30","3001",89353,52047,37306,569,248,36489,"DUMAS","Françoise","ENS",9200,25.21,"Entre 24 et 28 %",3
"30","3002",95029,50518,44511,659,245,43607,"LACHAUD","Yvan","ENS",10050,23.05,"Entre 20 et 24 %",2
"30","3003",95517,48866,46651,594,200,45857,"CELLIER","Anthony","ENS",12274,26.77,"Entre 24 et 28 %",3
"30","3004",94361,48739,45622,699,259,44664,"RIBOT","Philippe","ENS",9637,21.58,"Entre 20 et 24 %",2
"30","3005",98491,48110,50381,906,335,49140,"DAUFÈS-ROUX","Catherine","ENS",10399,21.16,"Entre 20 et 24 %",2
"30","3006",84534,46482,38052,508,192,37352,"BERTA","Philippe","ENS",9107,24.38,"Entre 24 et 28 %",3
"31","3101",83966,39462,44504,406,202,43896,"BAUDIS","Pierre","ENS",12314,28.05,"Entre 28 et 32 %",4
"31","3102",105303,49024,56279,751,302,55226,"LAGLEIZE","Jean-Luc","ENS",14807,26.81,"Entre 24 et 28 %",3
"31","3103",80720,33608,47112,411,196,46505,"VIGNON","Corinne","ENS",13614,29.27,"Entre 28 et 32 %",4
"31","3104",68580,33016,35564,343,156,35065,"CONSTANS","Marie-Claire","ENS",8273,23.59,"Entre 20 et 24 %",2
"31","3105",106905,53198,53707,859,370,52478,"PORTARRIEU","Jean-François","ENS",15174,28.91,"Entre 28 et 32 %",4
"31","3106",115543,53336,62207,909,386,60912,"IBORRA","Monique","ENS",18437,30.27,"Entre 28 et 32 %",4
"31","3107",106489,52407,54082,1064,376,52642,"TOUTUT-PICARD","Elisabeth","ENS",13968,26.53,"Entre 24 et 28 %",3
"31","3108",86154,39845,46309,810,435,45064,"LAURENTIES-BARRERE","Céline","ENS",9281,20.6,"Entre 20 et 24 %",2
"31","3109",80643,39244,41399,505,240,40654,"MÖRCH","Sandrine","ENS",10265,25.25,"Entre 24 et 28 %",3
"31","3110",103426,43111,60315,1040,356,58919,"FAURE","Dominique","ENS",17720,30.08,"Entre 28 et 32 %",4
"32","3201",73810,32134,41676,1068,438,40170,"CAZENEUVE","Jean-René","ENS",12648,31.49,"Entre 28 et 32 %",4
"32","3202",73846,32139,41707,736,322,40649,"BOURCIER","Maëva","ENS",7889,19.41,"Moins de 20 %",1
"34","3401",90089,48659,41430,603,205,40622,"MIRALLES","Patricia","ENS",10087,24.83,"Entre 24 et 28 %",3
"34","3402",65416,36465,28951,299,136,28516,"YAGUE","Annie","ENS",5282,18.52,"Moins de 20 %",1
"34","3403",92308,44901,47407,495,213,46699,"CRISTOL","Laurence","ENS",12457,26.68,"Entre 24 et 28 %",3
"34","3404",119166,58040,61126,797,311,60018,"ELIAOU","Jean-François","ENS",12527,20.87,"Entre 20 et 24 %",2
"34","3405",98962,48849,50113,733,309,49071,"HUPPÉ","Philippe","ENS",8378,17.07,"Moins de 20 %",1
"34","3406",93913,51351,42562,538,207,41817,"TASTAVY","Mathilde","ENS",6530,15.62,"Moins de 20 %",1
"34","3407",108908,56037,52871,682,339,51850,"EUZET","Christophe","ENS",10031,19.35,"Moins de 20 %",1
"34","3408",94370,50429,43941,641,249,43051,"AUDRIN","Jean-François","ENS",10453,24.28,"Entre 24 et 28 %",3
"34","3409",89422,48749,40673,604,220,39849,"VIGNAL","Patrick","ENS",11307,28.37,"Entre 28 et 32 %",4
"46","4602",66679,27106,39573,756,404,38413,"TIEGNA","Huguette","ENS",9103,23.7,"Entre 20 et 24 %",2
"48","4801",59915,24942,34973,673,310,33990,"SUAU","Laurent","ENS",5996,17.64,"Moins de 20 %",1
"65","6501",88017,40225,47792,734,314,46744,"SEMPASTOUS","Jean-Bernard","ENS",11029,23.59,"Entre 20 et 24 %",2
"65","6502",89775,42742,47033,895,371,45767,"MOURNET","Benoit","ENS",10870,23.75,"Entre 20 et 24 %",2
"66","6601",72771,39576,33195,532,257,32406,"GRAU","Romain","ENS",7952,24.54,"Entre 24 et 28 %",3
"66","6602",103653,55188,48465,824,297,47344,"LIS","Frédérique","ENS",9699,20.49,"Entre 20 et 24 %",2
"66","6603",84996,43148,41848,848,357,40643,"BATAILLE","Pierre","ENS",9902,24.36,"Entre 24 et 28 %",3
"66","6604",101918,51319,50599,758,318,49523,"CAZENOVE","Sébastien","ENS",10799,21.81,"Entre 20 et 24 %",2
"81","8101",85123,39343,45780,748,439,44593,"ROQUES-ETIENNE","Muriel","ENS",8600,19.29,"Moins de 20 %",1
"81","8102",109859,49736,60123,1288,653,58182,"VERDIER-JOUCLAS","Marie-Christine","ENS",16487,28.34,"Entre 28 et 32 %",4
"81","8103",104170,47517,56653,897,492,55264,"TERLIER","Jean","ENS",12281,22.22,"Entre 20 et 24 %",2
"82","8201",93013,44565,48448,798,363,47287,"SIMONIN","Catherine","ENS",8196,17.33,"Moins de 20 %",1
"82","8202",96323,45986,50337,897,450,48990,"ASTRUC","Christian","ENS",10083,20.58,"Entre 20 et 24 %",2
"01","0101",86187,43652,42535,490,234,41811,"GUILLERMIN","Vincent","ENS",8071,19.3,"Moins de 20 %",1
"01","0102",99953,50270,49683,629,168,48886,"DAUBIÉ","Romain","ENS",12916,26.42,"Entre 24 et 28 %",3
"01","0103",82204,45945,36259,385,145,35729,"GIVERNET","Olga","ENS",10704,29.96,"Entre 28 et 32 %",4
"01","0104",94897,49258,45639,638,209,44792,"SEGUIN","Isabelle","ENS",7317,16.34,"Moins de 20 %",1
"03","0301",89347,43559,45788,952,419,44417,"BARBARIN","Michel","ENS",8634,19.44,"Moins de 20 %",1
"03","0302",80970,39790,41180,847,413,39920,"VANCEUNEBROCK","Laurence","ENS",6796,17.02,"Moins de 20 %",1
"03","0303",80190,39570,40620,683,324,39613,"PEYROL","Bénédicte","ENS",9219,23.27,"Entre 20 et 24 %",2
"07","0701",79305,38813,40492,702,325,39465,"GINEYS","Severine","ENS",6757,17.12,"Moins de 20 %",1
"07","0702",96561,45518,51043,802,262,49979,"DUSSOPT","Olivier","ENS",15014,30.04,"Entre 28 et 32 %",4
"07","0703",80823,35238,45585,469,180,44936,"CAUQUIL","Alexandra","ENS",5913,13.16,"Moins de 20 %",1
"15","1501",63112,29133,33979,692,313,32974,"TEYSSEDOU","Michel","ENS",7338,22.25,"Entre 20 et 24 %",2
"15","1502",52867,24448,28419,457,192,27770,"GUIBERT","Martine","ENS",4848,17.46,"Moins de 20 %",1
"26","2601",77959,41353,36606,466,192,35948,"CLAPOT","Mireille","ENS",7353,20.45,"Entre 20 et 24 %",2
"26","2602",95908,51366,44542,729,318,43495,"MACLIN","Benoît","ENS",8731,20.07,"Entre 20 et 24 %",2
"26","2603",110901,46867,64034,835,294,62905,"DE LAVERGNE","Célia","ENS",14784,23.5,"Entre 20 et 24 %",2
"26","2604",99168,49609,49559,595,247,48717,"GAFA","Olivier","ENS",7791,15.99,"Moins de 20 %",1
"38","3801",85682,36708,48974,525,197,48252,"VÉRAN","Olivier","ENS",19543,40.5,"Plus de 32 %",5
"38","3802",78583,42175,36408,419,178,35811,"COLAS-ROY","Jean-Charles","ENS",10188,28.45,"Entre 28 et 32 %",4
"38","3803",60394,31119,29275,262,102,28911,"CHALAS","Emilie","ENS",7112,24.6,"Entre 24 et 28 %",3
"38","3804",91874,45169,46705,507,161,46037,"LACROIX","Fanny","ENS",10697,23.24,"Entre 20 et 24 %",2
"38","3805",106035,50981,55054,770,220,54064,"JAY","Florence","ENS",16651,30.8,"Entre 28 et 32 %",4
"38","3806",89139,47975,41164,659,150,40355,"MOTIN","Cendra","ENS",10561,26.17,"Entre 24 et 28 %",3
"38","3807",96116,48948,47168,670,227,46271,"PRUVOST","Pascale","ENS",9155,19.79,"Moins de 20 %",1
"38","3808",82497,42492,40005,512,186,39307,"ABADIE","Caroline","ENS",9113,23.18,"Entre 20 et 24 %",2
"38","3809",100662,49683,50979,789,188,50002,"JACQUIER-LAFORGE","Elodie","ENS",14981,29.96,"Entre 28 et 32 %",4
"38","3810",98790,54222,44568,589,206,43773,"MEYNIER-MILLEFERT","Marjolaine","ENS",11347,25.92,"Entre 24 et 28 %",3
"42","4201",64587,35530,29057,253,98,28706,"BATAILLON","Quentin","ENS",6746,23.5,"Entre 20 et 24 %",2
"42","4202",50916,28033,22883,263,104,22516,"MIS","Jean-Michel","ENS",6161,27.36,"Entre 24 et 28 %",3
"42","4203",83522,45258,38264,719,108,37437,"MANDON","Emmanuel","ENS",9621,25.7,"Entre 24 et 28 %",3
"42","4204",103959,54267,49692,641,225,48826,"SEBAN","Shannon","ENS",8224,16.84,"Moins de 20 %",1
"42","4205",102303,50603,51700,820,304,50576,"SARLES","Nathalie","ENS",11842,23.41,"Entre 20 et 24 %",2
"42","4206",111138,54802,56336,838,296,55202,"BOROWCZYK","Julien","ENS",14590,26.43,"Entre 24 et 28 %",3
"43","4301",101606,48317,53289,649,245,52395,"GALLIEN","Cécile","ENS",7459,14.24,"Moins de 20 %",1
"43","4302",79494,37177,42317,717,334,41266,"ALLEGRE","Christian","ENS",4764,11.54,"Moins de 20 %",1
"63","6301",84175,44991,39184,619,273,38292,"THOMAS","Valérie","ENS",10466,27.33,"Entre 24 et 28 %",3
"63","6302",90065,41065,49000,783,284,47933,"MONNET","Karina","ENS",9017,18.81,"Moins de 20 %",1
"63","6303",89885,40980,48905,840,321,47744,"VICHNIEVSKY","Laurence","ENS",13525,28.33,"Entre 28 et 32 %",4
"63","6304",101379,49469,51910,1018,386,50506,"LINGEMANN","Delphine","ENS",12870,25.48,"Entre 24 et 28 %",3
"63","6305",104417,50980,53437,812,345,52280,"LEGRAND","Karine","ENS",9157,17.52,"Moins de 20 %",1
"69","6901",72729,33448,39281,368,97,38816,"RUDIGOZ","Thomas","ENS",12792,32.96,"Plus de 32 %",5
"69","6902",74034,29821,44213,345,129,43739,"TERRENES","Loic","ENS",12562,28.72,"Entre 28 et 32 %",4
"69","6903",72442,31076,41366,296,94,40976,"PEILLON","Sarah","ENS",11681,28.51,"Entre 28 et 32 %",4
"69","6904",78266,32045,46221,402,167,45652,"BRUGNERA","Anne","ENS",15566,34.1,"Plus de 32 %",5
"69","6905",90167,41191,48976,382,116,48478,"BROCARD","Blandine","ENS",17508,36.12,"Plus de 32 %",5
"69","6906",89563,48901,40662,461,136,40065,"HAZIZA","Emmanuelle","ENS",10777,26.9,"Entre 24 et 28 %",3
"69","6907",70953,43224,27729,248,131,27350,"KHEDHER","Anissa","ENS",4728,17.29,"Moins de 20 %",1
"69","6908",105083,49843,55240,572,201,54467,"DESPRAS","Dominique","ENS",15714,28.85,"Entre 28 et 32 %",4
"69","6909",96646,49308,47338,560,164,46614,"MÉJEAN","Ambroise","ENS",10284,22.06,"Entre 20 et 24 %",2
"69","6910",99394,46997,52397,633,162,51602,"GASSILLOUD","Thomas","ENS",18630,36.1,"Plus de 32 %",5
"69","6911",96576,49605,46971,607,172,46192,"FUGIT","Jean-Luc","ENS",14112,30.55,"Entre 28 et 32 %",4
"69","6912",82187,38020,44167,351,127,43689,"ISAAC-SIBILLE","Cyrille","ENS",13413,30.7,"Entre 28 et 32 %",4
"69","6913",88572,47506,41066,444,149,40473,"TANZILLI","Sarah","ENS",11511,28.44,"Entre 28 et 32 %",4
"69","6914",75861,48298,27563,441,200,26922,"BLEIN","Yves","ENS",6857,25.47,"Entre 24 et 28 %",3
"73","7301",93498,46369,47129,574,213,46342,"FERRARI","Marina","ENS",12700,27.4,"Entre 24 et 28 %",3
"73","7302",76321,40965,35356,369,184,34803,"EMPEREUR","Arthur","ENS",5470,15.72,"Moins de 20 %",1
"73","7303",74446,35242,39204,405,168,38631,"TROSSET","Xavier","ENS",6095,15.78,"Moins de 20 %",1
"73","7304",77948,37882,40066,540,199,39327,"MIGNOLA","Patrick","ENS",10306,26.21,"Entre 24 et 28 %",3
"74","7401",109071,55817,53254,738,248,52268,"RIOTTON","Véronique","ENS",19000,36.35,"Plus de 32 %",5
"74","7402",100206,51984,48222,481,191,47550,"ARMAND","Antoine","ENS",11329,23.83,"Entre 20 et 24 %",2
"74","7403",88200,47771,40429,554,197,39678,"FERRARINI","Valérie","ENS",9087,22.9,"Entre 20 et 24 %",2
"74","7404",88827,51588,37239,325,103,36811,"VIELLIARD","Antoine","ENS",7678,20.86,"Entre 20 et 24 %",2
"74","7405",101794,57114,44680,575,196,43909,"VIOLLAND","Anne-Cécile","ENS",12323,28.06,"Entre 28 et 32 %",4
"74","7406",81399,45080,36319,460,146,35713,"ROSEREN","Xavier","ENS",11670,32.68,"Plus de 32 %",5
"04","0401",61962,29807,32155,682,228,31245,"AUDAN","Paul","ENS",7008,22.43,"Entre 20 et 24 %",2
"04","0402",66661,31854,34807,610,273,33924,"CASTANER","Christophe","ENS",10232,30.16,"Entre 28 et 32 %",4
"05","0501",59643,28488,31155,603,263,30289,"BOYER","Pascale","ENS",7543,24.9,"Entre 24 et 28 %",3
"05","0502",54274,25057,29217,423,167,28627,"GIRAUD","Joel","ENS",10890,38.04,"Plus de 32 %",5
"06","0601",82307,45791,36516,311,647,35558,"MONETTI","Graig","ENS",9215,25.92,"Entre 24 et 28 %",3
"06","0602",89179,47998,41181,640,205,40336,"DOMBREVAL","Loïc","ENS",9547,23.67,"Entre 20 et 24 %",2
"06","0603",91821,52313,39508,458,217,38833,"PRADAL","Philippe","ENS",10113,26.04,"Entre 24 et 28 %",3
"06","0604",85281,46689,38592,528,220,37844,"VALETTA-ARDISSON","Alexandra","ENS",8464,22.37,"Entre 20 et 24 %",2
"06","0605",91172,50692,40480,458,239,39783,"BRENIER-OHANESSIAN","Marine","ENS",10400,26.14,"Entre 24 et 28 %",3
"06","0606",80167,42568,37599,597,83,36919,"MION","Jean-Bernard","ENS",8489,22.99,"Entre 20 et 24 %",2
"06","0607",97531,51469,46062,501,93,45468,"MELE","Eric","ENS",10814,23.78,"Entre 20 et 24 %",2
"06","0608",84297,47468,36829,364,110,36355,"DESENS","Jean-Valéry","ENS",7080,19.47,"Moins de 20 %",1
"06","0609",81450,44246,37204,439,116,36649,"TUDIESCHE","Mayaa","ENS",5538,15.11,"Moins de 20 %",1
"13","1301",81442,47422,34020,492,136,33392,"AGRESTI ROUBACHE","Sabrina","ENS",8487,25.42,"Entre 24 et 28 %",3
"13","1302",83613,42762,40851,405,161,40285,"PITOLLAT","Claire","ENS",12026,29.85,"Entre 28 et 32 %",4
"13","1303",75982,47766,28216,395,135,27686,"LOUIS","Alexandra","ENS",6056,21.87,"Entre 20 et 24 %",2
"13","1304",64937,39722,25215,329,134,24752,"AKODAD","Najat","ENS",3683,14.88,"Moins de 20 %",1
"13","1305",73599,39564,34035,387,157,33491,"RACON-BOUZON","Cathy","ENS",7841,23.41,"Entre 20 et 24 %",2
"13","1306",78511,45399,33112,321,102,32689,"ROYER-PERREAUT","Lionel","ENS",9725,29.75,"Entre 28 et 32 %",4
"13","1307",67119,48457,18662,297,140,18225,"AHAMADA","Saïd","ENS",2879,15.8,"Moins de 20 %",1
"13","1308",102834,54662,48172,563,215,47394,"ZULESI","Jean-Marc","ENS",13166,27.78,"Entre 24 et 28 %",3
"13","1309",100961,54812,46149,584,218,45347,"MAS-FRAISSINET","Bertrand","ENS",9306,20.52,"Entre 20 et 24 %",2
"13","1310",109067,56110,52957,681,255,52021,"BOURCET-GINER","Véronique","ENS",10739,20.64,"Entre 20 et 24 %",2
"13","1311",92277,49906,42371,536,166,41669,"LAQHILA","Mohamed","ENS",10598,25.43,"Entre 24 et 28 %",3
"13","1313",94380,53236,41144,733,325,40086,"BOISSIN","Thierry","ENS",6180,15.42,"Moins de 20 %",1
"13","1314",99296,51003,48293,541,243,47509,"PETEL","Anne-Laurence","ENS",14250,29.99,"Entre 28 et 32 %",4
"13","1315",109293,56435,52858,750,292,51816,"ANZALONE","Marie-Laurence","ENS",11482,22.16,"Entre 20 et 24 %",2
"13","1316",91744,50673,41071,793,344,39934,"CAILLAUD","Mariana","ENS",9970,24.97,"Entre 24 et 28 %",3
"83","8301",72255,38750,33505,417,119,32969,"CHENEVARD","Yannick","ENS",10222,31,"Entre 28 et 32 %",4
"83","8302",92500,50866,41634,634,182,40818,"MUSSO","Ange","ENS",11203,27.45,"Entre 24 et 28 %",3
"83","8303",104073,53162,50911,682,274,49955,"MONFORT","Isabelle","ENS",13877,27.78,"Entre 24 et 28 %",3
"83","8304",112386,59944,52442,500,261,51681,"MAUBORGNE","Sereine","ENS",14735,28.51,"Entre 28 et 32 %",4
"83","8305",101735,55580,46155,574,287,45294,"MICHEL-KLEISBAUER","Philippe","ENS",12355,27.28,"Entre 24 et 28 %",3
"83","8306",127507,68652,58855,799,254,57802,"GOMEZ-BASSAC","Valérie","ENS",13988,24.2,"Entre 24 et 28 %",3
"83","8307",105182,58479,46703,570,197,45936,"MUSCHOTTI","Cécile","ENS",12226,26.62,"Entre 24 et 28 %",3
"83","8308",109161,57769,51392,671,246,50475,"MATRAS","Fabien","ENS",12876,25.51,"Entre 24 et 28 %",3
"84","8401",73765,42496,31269,517,185,30567,"ZITOUNI","Souad","ENS",6985,22.85,"Entre 20 et 24 %",2
"84","8402",85827,44150,41677,550,239,40888,"VIALA","Sylvie","ENS",9432,23.07,"Entre 20 et 24 %",2
"84","8403",78866,41873,36993,517,209,36267,"MORENAS","Adrien","ENS",7985,22.02,"Entre 20 et 24 %",2
"84","8404",90403,48206,42197,905,209,41083,"RICHARD","Violaine","ENS",10381,25.27,"Entre 24 et 28 %",3
"84","8405",84400,42652,41748,497,222,41029,"LOVISOLO","Jean-François","ENS",10244,24.97,"Entre 24 et 28 %",3
"2A","2A01",52268,28094,24174,295,220,23659,"MARCANGELI","Laurent","ENS",7972,33.7,"Plus de 32 %",5
"2B","2B01",61515,36334,25181,340,217,24624,"PAOLI","Jean-François","ENS",2944,11.96,"Moins de 20 %",1
