"DEP","CODE_CIRCO","INSCRITS","ABSTENTIONS","VOTANTS","BLANCS","NULS","EXPRIMES","NOM","PRENOM","CODE_NUANCE","VOIX","SCORE","FLOURISH_CODE_CIRCO","circo_name","classe","color"
"987","98702",67226,40717,26509,210,220,26079,"ATGER","Charles","RN",562,2.15,"98702","2e circonscription de la Polynésie-Française","Moins de 5 %","#E5E6FF"
"988","98801",96919,66859,30060,541,171,29348,"CUENOT","Guy-Olivier","RN",1941,6.61,"98801","1ère circonscription de la Nouvelle-Calédonie","Entre 5 et 9 %","#CCCEFF"
"988","98802",122243,81053,41190,660,328,40202,"DESCOMBELS","Alain","RN",1600,3.98,"98802","2e circonscription de la Nouvelle-Calédonie","Moins de 5 %","#E5E6FF"
"ZZ","ZZ01",240978,189591,51387,518,41,50828,"ADAM","Jennifer","RN",1013,1.99,"ZZ01","1ère circonscription des Français de l'étranger","Moins de 5 %","#E5E6FF"
"ZZ","ZZ02",75610,64324,11286,150,41,11095,"LEFEBVRE","Léa","RN",240,2.16,"ZZ02","2e circonscription des Français de l'étranger","Moins de 5 %","#E5E6FF"
"ZZ","ZZ03",148639,106129,42510,319,30,42161,"BEGON","Willy","RN",698,1.66,"ZZ03","3e circonscription des Français de l'étranger","Moins de 5 %","#E5E6FF"
"ZZ","ZZ04",148196,105127,43069,405,28,42636,"CUIGNET","Emmanuelle","RN",1402,3.29,"ZZ04","4e circonscription des Français de l'étranger","Moins de 5 %","#E5E6FF"
"ZZ","ZZ05",105049,79852,25197,278,28,24891,"BIES","Serge","RN",999,4.01,"ZZ05","5e circonscription des Français de l'étranger","Moins de 5 %","#E5E6FF"
"ZZ","ZZ06",149821,115918,33903,337,39,33527,"RUSAIL","Chantal","RN",1297,3.87,"ZZ06","6e circonscription des Français de l'étranger","Moins de 5 %","#E5E6FF"
"ZZ","ZZ07",123409,87199,36210,268,54,35888,"DUMAS","Mathilde","RN",460,1.28,"ZZ07","7e circonscription des Français de l'étranger","Moins de 5 %","#E5E6FF"
"ZZ","ZZ08",131219,115176,16043,180,16,15847,"CARBONNE","Marie-Françoise","RN",296,1.87,"ZZ08","8e circonscription des Français de l'étranger","Moins de 5 %","#E5E6FF"
"ZZ","ZZ09",120556,102826,17730,392,70,17268,"SORDET","Ludivine","RN",257,1.49,"ZZ09","9e circonscription des Français de l'étranger","Moins de 5 %","#E5E6FF"
"ZZ","ZZ10",104303,83943,20360,290,45,20025,"RAUMAIN","Deborah","RN",420,2.1,"ZZ10","10e circonscription des Français de l'étranger","Moins de 5 %","#E5E6FF"
"ZZ","ZZ11",98853,70840,28013,324,57,27632,"BURLOTTE","Olivier","RN",742,2.69,"ZZ11","11e circonscription des Français de l'étranger","Moins de 5 %","#E5E6FF"
"971","97101",75975,56899,19076,529,670,17877,"FABULAS","Thierry, Lucien","RN",1237,6.92,"97101","1ère circonscription de la Guadeloupe","Entre 5 et 9 %","#CCCEFF"
"971","97102",87775,65847,21928,544,725,20659,"GIRDARY-RAMSSAMY","Michel","RN",2497,12.09,"97102","2e circonscription de la Guadeloupe","Entre 12 et 15 %","#999CFF"
"971","97103",84348,62323,22025,648,652,20725,"TOLASSY","Rody","RN",4164,20.09,"97103","3e circonscription de la Guadeloupe","Entre 20 et 22 %","#3A3FC2"
"972","97201",80041,64036,16005,620,483,14902,"BELIMONT","Charles","RN",564,3.78,"97201","1ère circonscription de la Martinique","Moins de 5 %","#E5E6FF"
"972","97202",80054,62842,17212,663,452,16097,"FERRATY","Max","RN",598,3.71,"97202","2e circonscription de la Martinique","Moins de 5 %","#E5E6FF"
"972","97203",60508,47675,12833,462,296,12075,"CRAMPON","Cédric","RN",413,3.42,"97203","3e circonscription de la Martinique","Moins de 5 %","#E5E6FF"
"972","97204",83958,64217,19741,380,340,19021,"OCCOLIER","Nicolas","RN",415,2.18,"97204","4e circonscription de la Martinique","Moins de 5 %","#E5E6FF"
"973","97301",56997,41453,15544,303,207,15034,"HARBOURG","Jérôme","RN",817,5.43,"97301","1ère circonscription de la Guyane","Entre 5 et 9 %","#CCCEFF"
"973","97302",46473,34355,12118,222,118,11778,"THOMAS","Virgine","RN",425,3.61,"97302","2e circonscription de la Guyane","Moins de 5 %","#E5E6FF"
"974","97401",85903,60947,24956,1059,768,23129,"LEBON","Gaëlle","RN",3015,13.04,"97401","1ère circonscription de La Réunion","Entre 12 et 15 %","#999CFF"
"974","97402",98956,73673,25283,903,855,23525,"GRAJA","Michelle","RN",1926,8.19,"97402","2e circonscription de La Réunion","Entre 5 et 9 %","#CCCEFF"
"974","97403",96212,64274,31938,1284,1365,29289,"HOAREAU","Didier","RN",3990,13.62,"97403","3e circonscription de La Réunion","Entre 12 et 15 %","#999CFF"
"974","97404",108931,69541,39390,1331,1517,36542,"BOUCHER","Annie-Claude Dite Saphia","RN",3850,10.54,"97404","4e circonscription de La Réunion","Entre 9 et 12 %","#B3B5FF"
"974","97405",87696,60657,27039,588,766,25685,"BRASIER-CLAIN","Marie-Luce","RN",2314,9.01,"97405","5e circonscription de La Réunion","Entre 9 et 12 %","#B3B5FF"
"974","97406",82020,57861,24159,742,680,22737,"LEGROS","Valérie","RN",1997,8.78,"97406","6e circonscription de La Réunion","Entre 5 et 9 %","#CCCEFF"
"974","97407",118245,83583,34662,1134,1269,32259,"RIVIERE","Jonathan","RN",2656,8.23,"97407","7e circonscription de La Réunion","Entre 5 et 9 %","#CCCEFF"
"976","97602",49775,26387,23388,763,1111,21514,"HAMISSI","Saidali","RN",567,2.64,"97602","2e circonscription de Mayotte","Moins de 5 %","#E5E6FF"
"75","7501",84562,36977,47585,442,117,47026,"CHEDHOMME","Morgane","RN",1357,2.89,"7501","1ère circonscription de Paris","Moins de 5 %","#E5E6FF"
"75","7501",84562,36977,47585,442,117,47026,"CHEDHOMME","Morgane","RN",1357,2.89,"7501_AFFINE","1ère circonscription de Paris","Moins de 5 %","#E5E6FF"
"75","7502",74767,30690,44077,349,132,43596,"ROUGÉ","André","RN",1294,2.97,"7502","2e circonscription de Paris","Moins de 5 %","#E5E6FF"
"75","7502",74767,30690,44077,349,132,43596,"ROUGÉ","André","RN",1294,2.97,"7502_AFFINE","2e circonscription de Paris","Moins de 5 %","#E5E6FF"
"75","7503",73188,33125,40063,394,129,39540,"EUPHRASIE","Marie-Emilie","RN",1658,4.19,"7503","3e circonscription de Paris","Moins de 5 %","#E5E6FF"
"75","7503",73188,33125,40063,394,129,39540,"EUPHRASIE","Marie-Emilie","RN",1658,4.19,"7503_AFFINE","3e circonscription de Paris","Moins de 5 %","#E5E6FF"
"75","7504",72974,34300,38674,243,93,38338,"LAVENIER","Annie Marcelle Mauricette","RN",1412,3.68,"7504","4e circonscription de Paris","Moins de 5 %","#E5E6FF"
"75","7504",72974,34300,38674,243,93,38338,"LAVENIER","Annie Marcelle Mauricette","RN",1412,3.68,"7504_AFFINE","4e circonscription de Paris","Moins de 5 %","#E5E6FF"
"75","7505",79349,33988,45361,345,122,44894,"VOGT","Marguerite","RN",1277,2.84,"7505","5e circonscription de Paris","Moins de 5 %","#E5E6FF"
"75","7505",79349,33988,45361,345,122,44894,"VOGT","Marguerite","RN",1277,2.84,"7505_AFFINE","5e circonscription de Paris","Moins de 5 %","#E5E6FF"
"75","7506",80908,35276,45632,498,188,44946,"HUYNH THI (BOZZI)","Marie Rosette","RN",1507,3.35,"7506","6e circonscription de Paris","Moins de 5 %","#E5E6FF"
"75","7506",80908,35276,45632,498,188,44946,"HUYNH THI (BOZZI)","Marie Rosette","RN",1507,3.35,"7506_AFFINE","6e circonscription de Paris","Moins de 5 %","#E5E6FF"
"75","7507",80258,32846,47412,453,165,46794,"DAGUENEL (NGUYEN CONG DUC)","Anne Hélène Janine Marie","RN",1503,3.21,"7507","7e circonscription de Paris","Moins de 5 %","#E5E6FF"
"75","7507",80258,32846,47412,453,165,46794,"DAGUENEL (NGUYEN CONG DUC)","Anne Hélène Janine Marie","RN",1503,3.21,"7507_AFFINE","7e circonscription de Paris","Moins de 5 %","#E5E6FF"
"75","7508",85265,37827,47438,504,194,46740,"LANCELOT","Vanessa","RN",2165,4.63,"7508","8e circonscription de Paris","Moins de 5 %","#E5E6FF"
"75","7508",85265,37827,47438,504,194,46740,"LANCELOT","Vanessa","RN",2165,4.63,"7508_AFFINE","8e circonscription de Paris","Moins de 5 %","#E5E6FF"
"75","7509",70810,32005,38805,536,199,38070,"ROUSSEL","Carole Isabelle Gabrielle","RN",1898,4.99,"7509","9e circonscription de Paris","Moins de 5 %","#E5E6FF"
"75","7509",70810,32005,38805,536,199,38070,"ROUSSEL","Carole Isabelle Gabrielle","RN",1898,4.99,"7509_AFFINE","9e circonscription de Paris","Moins de 5 %","#E5E6FF"
"75","7510",70250,32031,38219,429,162,37628,"DE SAINT JUST","Wallerand","RN",2075,5.51,"7510","10e circonscription de Paris","Entre 5 et 9 %","#CCCEFF"
"75","7510",70250,32031,38219,429,162,37628,"DE SAINT JUST","Wallerand","RN",2075,5.51,"7510_AFFINE","10e circonscription de Paris","Entre 5 et 9 %","#CCCEFF"
"75","7511",73057,29131,43926,472,140,43314,"COUSIN","Saddia","RN",1520,3.51,"7511","11e circonscription de Paris","Moins de 5 %","#E5E6FF"
"75","7511",73057,29131,43926,472,140,43314,"COUSIN","Saddia","RN",1520,3.51,"7511_AFFINE","11e circonscription de Paris","Moins de 5 %","#E5E6FF"
"75","7512",75821,31301,44520,396,135,43989,"PAGEARD","Agnès","RN",1804,4.1,"7512","12e circonscription de Paris","Moins de 5 %","#E5E6FF"
"75","7512",75821,31301,44520,396,135,43989,"PAGEARD","Agnès","RN",1804,4.1,"7512_AFFINE","12e circonscription de Paris","Moins de 5 %","#E5E6FF"
"75","7513",78195,34821,43374,494,153,42727,"BOLVIN","Isabelle","RN",2119,4.96,"7513","13e circonscription de Paris","Moins de 5 %","#E5E6FF"
"75","7513",78195,34821,43374,494,153,42727,"BOLVIN","Isabelle","RN",2119,4.96,"7513_AFFINE","13e circonscription de Paris","Moins de 5 %","#E5E6FF"
"75","7514",76056,35022,41034,273,113,40648,"DE LA BRÉLIE","Anne","RN",1435,3.53,"7514","14e circonscription de Paris","Moins de 5 %","#E5E6FF"
"75","7514",76056,35022,41034,273,113,40648,"DE LA BRÉLIE","Anne","RN",1435,3.53,"7514_AFFINE","14e circonscription de Paris","Moins de 5 %","#E5E6FF"
"75","7515",79102,36781,42321,376,149,41796,"BOULAIRE","Marie-Josée","RN",1597,3.82,"7515","15e circonscription de Paris","Moins de 5 %","#E5E6FF"
"75","7515",79102,36781,42321,376,149,41796,"BOULAIRE","Marie-Josée","RN",1597,3.82,"7515_AFFINE","15e circonscription de Paris","Moins de 5 %","#E5E6FF"
"75","7516",75126,37718,37408,396,153,36859,"MONSAURET","Nathalie","RN",1454,3.94,"7516","16e circonscription de Paris","Moins de 5 %","#E5E6FF"
"75","7516",75126,37718,37408,396,153,36859,"MONSAURET","Nathalie","RN",1454,3.94,"7516_AFFINE","16e circonscription de Paris","Moins de 5 %","#E5E6FF"
"75","7517",62130,33298,28832,352,160,28320,"TÉCHER","Marianna","RN",1241,4.38,"7517","17e circonscription de Paris","Moins de 5 %","#E5E6FF"
"75","7517",62130,33298,28832,352,160,28320,"TÉCHER","Marianna","RN",1241,4.38,"7517_AFFINE","17e circonscription de Paris","Moins de 5 %","#E5E6FF"
"75","7518",70682,30892,39790,502,151,39137,"CARRASCO","Julia","RN",1318,3.37,"7518","18e circonscription de Paris","Moins de 5 %","#E5E6FF"
"75","7518",70682,30892,39790,502,151,39137,"CARRASCO","Julia","RN",1318,3.37,"7518_AFFINE","18e circonscription de Paris","Moins de 5 %","#E5E6FF"
"77","7701",71930,40901,31029,433,152,30444,"PARADOL","François","RN",5792,19.03,"7701","1ère circonscription de Seine-et-Marne","Entre 17 et 20 %","#585CDB"
"77","7702",79921,39613,40308,560,186,39562,"DIMITROVA","Ivanka","RN",7345,18.57,"7702","2e circonscription de Seine-et-Marne","Entre 17 et 20 %","#585CDB"
"77","7703",77042,41077,35965,618,145,35202,"LIORET","Dominique","RN",7988,22.69,"7703","3e circonscription de Seine-et-Marne","Entre 22 et 25 %","#000375"
"77","7704",88822,46550,42272,594,213,41465,"DUROX","Aymeric","RN",12742,30.73,"7704","4e circonscription de Seine-et-Marne","Entre 30 et 54 %","#0D0F42"
"77","7705",88335,49292,39043,514,185,38344,"LENORMAND","François","RN",9745,25.41,"7705","5e circonscription de Seine-et-Marne","Entre 25 et 30 %","#090C5C"
"77","7706",81556,47193,34363,653,176,33534,"ROULLAUD","Béatrice","RN",9044,26.97,"7706","6e circonscription de Seine-et-Marne","Entre 25 et 30 %","#090C5C"
"77","7707",87842,50254,37588,688,173,36727,"BERNARD","Didier","RN",8923,24.3,"7707","7e circonscription de Seine-et-Marne","Entre 22 et 25 %","#000375"
"77","7708",95166,54200,40966,605,170,40191,"LECUYER","Reine","RN",6610,16.45,"7708","8e circonscription de Seine-et-Marne","Entre 15 et 17 %","#7A7EF5"
"77","7709",86229,48935,37294,592,163,36539,"VANACKER","Morgann","RN",8004,21.91,"7709","9e circonscription de Seine-et-Marne","Entre 20 et 22 %","#3A3FC2"
"77","7710",81495,47095,34400,464,174,33762,"FRANCISCO","Cathy","RN",4412,13.07,"7710","10e circonscription de Seine-et-Marne","Entre 12 et 15 %","#999CFF"
"77","7711",66511,39543,26968,727,60,26181,"DEMONCHY","Martine","RN",4589,17.53,"7711","11e circonscription de Seine-et-Marne","Entre 17 et 20 %","#585CDB"
"78","7801",83335,36676,46659,549,162,45948,"JACQMIN","Anne","RN",3332,7.25,"7801","1ère circonscription des Yvelines","Entre 5 et 9 %","#CCCEFF"
"78","7802",86497,36013,50484,470,159,49855,"BRAULT","Gaëtan","RN",4215,8.45,"7802","2e circonscription des Yvelines","Entre 5 et 9 %","#CCCEFF"
"78","7803",83434,37556,45878,410,128,45340,"PINCHAUX","Pierre-Yves","RN",4050,8.93,"7803","3e circonscription des Yvelines","Entre 5 et 9 %","#CCCEFF"
"78","7804",80154,36196,43958,576,144,43238,"LELANDAIS","Sophie","RN",3739,8.65,"7804","4e circonscription des Yvelines","Entre 5 et 9 %","#CCCEFF"
"78","7805",75643,35455,40188,477,126,39585,"ANDROUËT","Mathilde","RN",3079,7.78,"7805","5e circonscription des Yvelines","Entre 5 et 9 %","#CCCEFF"
"78","7806",75944,37271,38673,454,164,38055,"MACEDO DE SOUZA","Maria","RN",2993,7.86,"7806","6e circonscription des Yvelines","Entre 5 et 9 %","#CCCEFF"
"78","7807",80638,41488,39150,427,147,38576,"FORTIN","Emmanuelle","RN",5195,13.47,"7807","7e circonscription des Yvelines","Entre 12 et 15 %","#999CFF"
"78","7808",74522,43784,30738,460,146,30132,"NAUTH","Cyril","RN",6729,22.33,"7808","8e circonscription des Yvelines","Entre 22 et 25 %","#000375"
"78","7809",92968,49221,43747,726,208,42813,"MORIN","Laurent","RN",9613,22.45,"7809","9e circonscription des Yvelines","Entre 22 et 25 %","#000375"
"78","7810",91538,40788,50750,524,188,50038,"DU CHALARD","Thomas","RN",6482,12.95,"7810","10e circonscription des Yvelines","Entre 12 et 15 %","#999CFF"
"78","7811",69371,35647,33724,530,160,33034,"CHABANET","Sophie","RN",3500,10.6,"7811","11e circonscription des Yvelines","Entre 9 et 12 %","#B3B5FF"
"78","7812",71167,34499,36668,420,136,36112,"METTELET","Jean-Louis","RN",4393,12.16,"7812","12e circonscription des Yvelines","Entre 12 et 15 %","#999CFF"
"91","9101",73470,45358,28112,579,291,27242,"VEGA","Thiebauld","RN",3990,14.65,"9101","1ère circonscription de l'Essonne","Entre 12 et 15 %","#999CFF"
"91","9102",91937,48101,43836,647,252,42937,"DA CONCEICAO CARVALHO","Nathalie","RN",9839,22.91,"9102","2e circonscription de l'Essonne","Entre 22 et 25 %","#000375"
"91","9103",98710,49229,49481,696,250,48535,"MOUSNIER","Gilbert","RN",8612,17.74,"9103","3e circonscription de l'Essonne","Entre 17 et 20 %","#585CDB"
"91","9104",98705,48573,50132,750,213,49169,"BOUTALEB","Alain","RN",7818,15.9,"9104","4e circonscription de l'Essonne","Entre 15 et 17 %","#7A7EF5"
"91","9105",68453,29043,39410,472,121,38817,"DEBON","Christophe","RN",2774,7.15,"9105","5e circonscription de l'Essonne","Entre 5 et 9 %","#CCCEFF"
"91","9106",83238,41468,41770,506,207,41057,"HADDAD","Lisa","RN",4361,10.62,"9106","6e circonscription de l'Essonne","Entre 9 et 12 %","#B3B5FF"
"91","9107",73537,40613,32924,486,182,32256,"GUIBERT","Audrey","RN",4537,14.07,"9107","7e circonscription de l'Essonne","Entre 12 et 15 %","#999CFF"
"91","9109",78732,42704,36028,544,172,35312,"STEENS","Philippe","RN",5602,15.86,"9109","9e circonscription de l'Essonne","Entre 15 et 17 %","#7A7EF5"
"91","9110",61820,35380,26440,407,171,25862,"GODIER","Marie","RN",3994,15.44,"9110","10e circonscription de l'Essonne","Entre 15 et 17 %","#7A7EF5"
"92","9201",65819,40666,25153,693,100,24360,"CAMARA","Mariam","RN",2128,8.74,"9201","1ère circonscription des Hauts-de-Seine","Entre 5 et 9 %","#CCCEFF"
"92","9201",65819,40666,25153,693,100,24360,"CAMARA","Mariam","RN",2128,8.74,"9201_AFFINE","1ère circonscription des Hauts-de-Seine","Entre 5 et 9 %","#CCCEFF"
"92","9202",69729,30925,38804,516,112,38176,"MILLOT","Philippe","RN",1660,4.35,"9202","2e circonscription des Hauts-de-Seine","Moins de 5 %","#E5E6FF"
"92","9202",69729,30925,38804,516,112,38176,"MILLOT","Philippe","RN",1660,4.35,"9202_AFFINE","2e circonscription des Hauts-de-Seine","Moins de 5 %","#E5E6FF"
"92","9203",82668,37055,45613,751,68,44794,"LAFFITE","Agnès","RN",2348,5.24,"9203","3e circonscription des Hauts-de-Seine","Entre 5 et 9 %","#CCCEFF"
"92","9203",82668,37055,45613,751,68,44794,"LAFFITE","Agnès","RN",2348,5.24,"9203_AFFINE","3e circonscription des Hauts-de-Seine","Entre 5 et 9 %","#CCCEFF"
"92","9204",80977,43427,37550,991,112,36447,"BRAVO","Mélina","RN",3337,9.16,"9204","4e circonscription des Hauts-de-Seine","Entre 9 et 12 %","#B3B5FF"
"92","9204",80977,43427,37550,991,112,36447,"BRAVO","Mélina","RN",3337,9.16,"9204_AFFINE","4e circonscription des Hauts-de-Seine","Entre 9 et 12 %","#B3B5FF"
"92","9205",75570,37471,38099,464,342,37293,"GEBARSKA","Agnieszka","RN",2029,5.44,"9205","5e circonscription des Hauts-de-Seine","Entre 5 et 9 %","#CCCEFF"
"92","9205",75570,37471,38099,464,342,37293,"GEBARSKA","Agnieszka","RN",2029,5.44,"9205_AFFINE","5e circonscription des Hauts-de-Seine","Entre 5 et 9 %","#CCCEFF"
"92","9206",76259,34047,42212,569,148,41495,"LE PEN","Marie-Caroline","RN",3056,7.36,"9206","6e circonscription des Hauts-de-Seine","Entre 5 et 9 %","#CCCEFF"
"92","9206",76259,34047,42212,569,148,41495,"LE PEN","Marie-Caroline","RN",3056,7.36,"9206_AFFINE","6e circonscription des Hauts-de-Seine","Entre 5 et 9 %","#CCCEFF"
"92","9207",87915,39119,48796,660,129,48007,"VERSINI","Christophe","RN",3054,6.36,"9207","7e circonscription des Hauts-de-Seine","Entre 5 et 9 %","#CCCEFF"
"92","9207",87915,39119,48796,660,129,48007,"VERSINI","Christophe","RN",3054,6.36,"9207_AFFINE","7e circonscription des Hauts-de-Seine","Entre 5 et 9 %","#CCCEFF"
"92","9208",68035,28577,39458,627,82,38749,"HABIB","Sarena","RN",2082,5.37,"9208","8e circonscription des Hauts-de-Seine","Entre 5 et 9 %","#CCCEFF"
"92","9208",68035,28577,39458,627,82,38749,"HABIB","Sarena","RN",2082,5.37,"9208_AFFINE","8e circonscription des Hauts-de-Seine","Entre 5 et 9 %","#CCCEFF"
"92","9209",63445,27780,35665,488,0,35177,"GAUDÉ","Nathalie","RN",1507,4.28,"9209","9e circonscription des Hauts-de-Seine","Moins de 5 %","#E5E6FF"
"92","9209",63445,27780,35665,488,0,35177,"GAUDÉ","Nathalie","RN",1507,4.28,"9209_AFFINE","9e circonscription des Hauts-de-Seine","Moins de 5 %","#E5E6FF"
"92","9210",79526,35089,44437,1320,87,43030,"PETIT","Hadrien","RN",2992,6.95,"9210","10e circonscription des Hauts-de-Seine","Entre 5 et 9 %","#CCCEFF"
"92","9210",79526,35089,44437,1320,87,43030,"PETIT","Hadrien","RN",2992,6.95,"9210_AFFINE","10e circonscription des Hauts-de-Seine","Entre 5 et 9 %","#CCCEFF"
"92","9211",70778,33502,37276,679,227,36370,"CHATELAIN","Juliette","RN",2817,7.75,"9211","11e circonscription des Hauts-de-Seine","Entre 5 et 9 %","#CCCEFF"
"92","9211",70778,33502,37276,679,227,36370,"CHATELAIN","Juliette","RN",2817,7.75,"9211_AFFINE","11e circonscription des Hauts-de-Seine","Entre 5 et 9 %","#CCCEFF"
"92","9212",93383,42341,51042,737,232,50073,"THOMAS","Marc","RN",3927,7.84,"9212","12e circonscription des Hauts-de-Seine","Entre 5 et 9 %","#CCCEFF"
"92","9212",93383,42341,51042,737,232,50073,"THOMAS","Marc","RN",3927,7.84,"9212_AFFINE","12e circonscription des Hauts-de-Seine","Entre 5 et 9 %","#CCCEFF"
"92","9213",90055,38996,51059,946,42,50071,"YVARS","Patrick","RN",2929,5.85,"9213","13e circonscription des Hauts-de-Seine","Entre 5 et 9 %","#CCCEFF"
"92","9213",90055,38996,51059,946,42,50071,"YVARS","Patrick","RN",2929,5.85,"9213_AFFINE","13e circonscription des Hauts-de-Seine","Entre 5 et 9 %","#CCCEFF"
"93","9301",67235,41433,25802,323,181,25298,"BRAND","Marie","RN",1829,7.23,"9301","1ère circonscription de la Seine-Saint-Denis","Entre 5 et 9 %","#CCCEFF"
"93","9301",67235,41433,25802,323,181,25298,"BRAND","Marie","RN",1829,7.23,"9301_AFFINE","1ère circonscription de la Seine-Saint-Denis","Entre 5 et 9 %","#CCCEFF"
"93","9302",55145,37065,18080,320,127,17633,"COLOMAS","Luc","RN",1480,8.39,"9302","2e circonscription de la Seine-Saint-Denis","Entre 5 et 9 %","#CCCEFF"
"93","9302",55145,37065,18080,320,127,17633,"COLOMAS","Luc","RN",1480,8.39,"9302_AFFINE","2e circonscription de la Seine-Saint-Denis","Entre 5 et 9 %","#CCCEFF"
"93","9303",75652,42011,33641,512,180,32949,"CRETIN-GIELLY","Denis","RN",3840,11.65,"9303","3e circonscription de la Seine-Saint-Denis","Entre 9 et 12 %","#B3B5FF"
"93","9303",75652,42011,33641,512,180,32949,"CRETIN-GIELLY","Denis","RN",3840,11.65,"9303_AFFINE","3e circonscription de la Seine-Saint-Denis","Entre 9 et 12 %","#B3B5FF"
"93","9304",65100,44142,20958,506,131,20321,"LÉVÊQUE","Colette","RN",2290,11.27,"9304","4e circonscription de la Seine-Saint-Denis","Entre 9 et 12 %","#B3B5FF"
"93","9304",65100,44142,20958,506,131,20321,"LÉVÊQUE","Colette","RN",2290,11.27,"9304_AFFINE","4e circonscription de la Seine-Saint-Denis","Entre 9 et 12 %","#B3B5FF"
"93","9305",65222,41416,23806,445,180,23181,"LESTRADET","Nelly","RN",2235,9.64,"9305","5e circonscription de la Seine-Saint-Denis","Entre 9 et 12 %","#B3B5FF"
"93","9305",65222,41416,23806,445,180,23181,"LESTRADET","Nelly","RN",2235,9.64,"9305_AFFINE","5e circonscription de la Seine-Saint-Denis","Entre 9 et 12 %","#B3B5FF"
"93","9306",58095,34968,23127,361,159,22607,"TROVA","Françoise","RN",1584,7.01,"9306","6e circonscription de la Seine-Saint-Denis","Entre 5 et 9 %","#CCCEFF"
"93","9306",58095,34968,23127,361,159,22607,"TROVA","Françoise","RN",1584,7.01,"9306_AFFINE","6e circonscription de la Seine-Saint-Denis","Entre 5 et 9 %","#CCCEFF"
"93","9307",80662,43639,37023,756,173,36094,"YAGOUBI-MOROCHO","Karim","RN",1735,4.81,"9307","7e circonscription de la Seine-Saint-Denis","Moins de 5 %","#E5E6FF"
"93","9307",80662,43639,37023,756,173,36094,"YAGOUBI-MOROCHO","Karim","RN",1735,4.81,"9307_AFFINE","7e circonscription de la Seine-Saint-Denis","Moins de 5 %","#E5E6FF"
"93","9308",61629,34754,26875,562,78,26235,"JOLIVET","Sébastien","RN",3610,13.76,"9308","8e circonscription de la Seine-Saint-Denis","Entre 12 et 15 %","#999CFF"
"93","9308",61629,34754,26875,562,78,26235,"JOLIVET","Sébastien","RN",3610,13.76,"9308_AFFINE","8e circonscription de la Seine-Saint-Denis","Entre 12 et 15 %","#999CFF"
"93","9309",73725,42391,31334,500,208,30626,"KOZELKO","Eric","RN",2491,8.13,"9309","9e circonscription de la Seine-Saint-Denis","Entre 5 et 9 %","#CCCEFF"
"93","9309",73725,42391,31334,500,208,30626,"KOZELKO","Eric","RN",2491,8.13,"9309_AFFINE","9e circonscription de la Seine-Saint-Denis","Entre 5 et 9 %","#CCCEFF"
"93","9310",69231,43862,25369,495,162,24712,"CHATEAU","Pauline","RN",2951,11.94,"9310","10e circonscription de la Seine-Saint-Denis","Entre 9 et 12 %","#B3B5FF"
"93","9310",69231,43862,25369,495,162,24712,"CHATEAU","Pauline","RN",2951,11.94,"9310_AFFINE","10e circonscription de la Seine-Saint-Denis","Entre 9 et 12 %","#B3B5FF"
"93","9311",63403,42520,20883,362,153,20368,"JOLY","Renée","RN",2672,13.12,"9311","11e circonscription de la Seine-Saint-Denis","Entre 12 et 15 %","#999CFF"
"93","9311",63403,42520,20883,362,153,20368,"JOLY","Renée","RN",2672,13.12,"9311_AFFINE","11e circonscription de la Seine-Saint-Denis","Entre 12 et 15 %","#999CFF"
"93","9312",65408,40651,24757,361,121,24275,"PERIER","Jean-François","RN",3743,15.42,"9312","12e circonscription de la Seine-Saint-Denis","Entre 15 et 17 %","#7A7EF5"
"93","9312",65408,40651,24757,361,121,24275,"PERIER","Jean-François","RN",3743,15.42,"9312_AFFINE","12e circonscription de la Seine-Saint-Denis","Entre 15 et 17 %","#7A7EF5"
"94","9401",85131,41659,43472,498,203,42771,"JOLLY","Laurent","RN",3835,8.97,"9401","1ère circonscription du Val-de-Marne","Entre 5 et 9 %","#CCCEFF"
"94","9401",85131,41659,43472,498,203,42771,"JOLLY","Laurent","RN",3835,8.97,"9401_AFFINE","1ère circonscription du Val-de-Marne","Entre 5 et 9 %","#CCCEFF"
"94","9402",66102,39252,26850,450,186,26214,"GHAYE","Antoine","RN",2792,10.65,"9402","2e circonscription du Val-de-Marne","Entre 9 et 12 %","#B3B5FF"
"94","9402",66102,39252,26850,450,186,26214,"GHAYE","Antoine","RN",2792,10.65,"9402_AFFINE","2e circonscription du Val-de-Marne","Entre 9 et 12 %","#B3B5FF"
"94","9403",74029,42748,31281,547,153,30581,"PRETOT","Francis","RN",4221,13.8,"9403","3e circonscription du Val-de-Marne","Entre 12 et 15 %","#999CFF"
"94","9403",74029,42748,31281,547,153,30581,"PRETOT","Francis","RN",4221,13.8,"9403_AFFINE","3e circonscription du Val-de-Marne","Entre 12 et 15 %","#999CFF"
"94","9404",74044,38823,35221,479,215,34527,"PHILIPPET","Alain","RN",4679,13.55,"9404","4e circonscription du Val-de-Marne","Entre 12 et 15 %","#999CFF"
"94","9404",74044,38823,35221,479,215,34527,"PHILIPPET","Alain","RN",4679,13.55,"9404_AFFINE","4e circonscription du Val-de-Marne","Entre 12 et 15 %","#999CFF"
"94","9405",90274,46965,43309,575,143,42591,"HUGUENIN-RICHARD","Isabelle","RN",3537,8.3,"9405","5e circonscription du Val-de-Marne","Entre 5 et 9 %","#CCCEFF"
"94","9405",90274,46965,43309,575,143,42591,"HUGUENIN-RICHARD","Isabelle","RN",3537,8.3,"9405_AFFINE","5e circonscription du Val-de-Marne","Entre 5 et 9 %","#CCCEFF"
"94","9406",82107,37174,44933,462,172,44299,"CHAPUT","Catherine","RN",2432,5.49,"9406","6e circonscription du Val-de-Marne","Entre 5 et 9 %","#CCCEFF"
"94","9406",82107,37174,44933,462,172,44299,"CHAPUT","Catherine","RN",2432,5.49,"9406_AFFINE","6e circonscription du Val-de-Marne","Entre 5 et 9 %","#CCCEFF"
"94","9407",66243,35554,30689,436,158,30095,"IANNUZZI","Ugo","RN",2856,9.49,"9407","7e circonscription du Val-de-Marne","Entre 9 et 12 %","#B3B5FF"
"94","9407",66243,35554,30689,436,158,30095,"IANNUZZI","Ugo","RN",2856,9.49,"9407_AFFINE","7e circonscription du Val-de-Marne","Entre 9 et 12 %","#B3B5FF"
"94","9408",78513,35939,42574,362,141,42071,"VUILLARD","Elisabeth","RN",2240,5.32,"9408","8e circonscription du Val-de-Marne","Entre 5 et 9 %","#CCCEFF"
"94","9408",78513,35939,42574,362,141,42071,"VUILLARD","Elisabeth","RN",2240,5.32,"9408_AFFINE","8e circonscription du Val-de-Marne","Entre 5 et 9 %","#CCCEFF"
"94","9409",54153,31504,22649,405,259,21985,"CUI","Wenqi","RN",2297,10.45,"9409","9e circonscription du Val-de-Marne","Entre 9 et 12 %","#B3B5FF"
"94","9409",54153,31504,22649,405,259,21985,"CUI","Wenqi","RN",2297,10.45,"9409_AFFINE","9e circonscription du Val-de-Marne","Entre 9 et 12 %","#B3B5FF"
"94","9410",67111,37021,30090,499,193,29398,"LIN","Elise","RN",2817,9.58,"9410","10e circonscription du Val-de-Marne","Entre 9 et 12 %","#B3B5FF"
"94","9410",67111,37021,30090,499,193,29398,"LIN","Elise","RN",2817,9.58,"9410_AFFINE","10e circonscription du Val-de-Marne","Entre 9 et 12 %","#B3B5FF"
"94","9411",64976,34148,30828,506,139,30183,"GABELICA","Martina","RN",2514,8.33,"9411","11e circonscription du Val-de-Marne","Entre 5 et 9 %","#CCCEFF"
"94","9411",64976,34148,30828,506,139,30183,"GABELICA","Martina","RN",2514,8.33,"9411_AFFINE","11e circonscription du Val-de-Marne","Entre 5 et 9 %","#CCCEFF"
"95","9501",82729,42180,40549,578,143,39828,"PIERRE","Philippe","RN",8377,21.03,"9501","1ère circonscription du Val-d'Oise","Entre 20 et 22 %","#3A3FC2"
"95","9502",78157,41887,36270,512,146,35612,"REMY","Nadejda","RN",6439,18.08,"9502","2e circonscription du Val-d'Oise","Entre 17 et 20 %","#585CDB"
"95","9503",94585,50566,44019,539,183,43297,"LAURINI","Romana","RN",6989,16.14,"9503","3e circonscription du Val-d'Oise","Entre 15 et 17 %","#7A7EF5"
"95","9504",75579,39248,36331,384,134,35813,"MACÉ","Régis","RN",4659,13.01,"9504","4e circonscription du Val-d'Oise","Entre 12 et 15 %","#999CFF"
"95","9505",69259,43661,25598,413,146,25039,"DAUMAS","Fabienne","RN",2921,11.67,"9505","5e circonscription du Val-d'Oise","Entre 9 et 12 %","#B3B5FF"
"95","9506",75335,41230,34105,381,148,33576,"BRUNA","Annika","RN",3994,11.9,"9506","6e circonscription du Val-d'Oise","Entre 9 et 12 %","#B3B5FF"
"95","9507",69364,40275,29089,406,135,28548,"MARCEL","Bruno","RN",4253,14.9,"9507","7e circonscription du Val-d'Oise","Entre 12 et 15 %","#999CFF"
"95","9508",54509,36566,17943,354,129,17460,"MÉRIENNE","Véronique","RN",1998,11.44,"9508","8e circonscription du Val-d'Oise","Entre 9 et 12 %","#B3B5FF"
"95","9509",70489,43801,26688,453,202,26033,"MARLY","Jean-Baptiste","RN",5309,20.39,"9509","9e circonscription du Val-d'Oise","Entre 20 et 22 %","#3A3FC2"
"95","9510",67935,39230,28705,581,140,27984,"DURAND","Richard","RN",3993,14.27,"9510","10e circonscription du Val-d'Oise","Entre 12 et 15 %","#999CFF"
"18","1801",71167,35638,35529,765,183,34581,"APRICENA","Julie","RN",7591,21.95,"1801","1ère circonscription du Cher","Entre 20 et 22 %","#3A3FC2"
"18","1802",68867,36244,32623,572,219,31832,"POLY","Christine","RN",7317,22.99,"1802","2e circonscription du Cher","Entre 22 et 25 %","#000375"
"18","1803",84519,42423,42096,968,339,40789,"DE LA TOCNAYE","Thibaut","RN",11226,27.52,"1803","3e circonscription du Cher","Entre 25 et 30 %","#090C5C"
"28","2801",91214,46225,44989,561,248,44180,"DELORME-MONSARRAT","David","RN",8270,18.72,"2801","1ère circonscription d'Eure-et-Loir","Entre 17 et 20 %","#585CDB"
"28","2802",75045,42324,32721,403,153,32165,"NIKOLIC","Aleksandar","RN",7880,24.5,"2802","2e circonscription d'Eure-et-Loir","Entre 22 et 25 %","#000375"
"28","2803",71342,37670,33672,523,222,32927,"FLAUNET","Régine","RN",8086,24.56,"2803","3e circonscription d'Eure-et-Loir","Entre 22 et 25 %","#000375"
"28","2804",67250,33681,33569,455,181,32933,"DE OLIVEIRA","Virginia","RN",8072,24.51,"2804","4e circonscription d'Eure-et-Loir","Entre 22 et 25 %","#000375"
"36","3601",77777,39785,37992,730,384,36878,"WUNSCH","Mylène","RN",8225,22.3,"3601","1ère circonscription de l'Indre","Entre 22 et 25 %","#000375"
"36","3602",88364,42313,46051,989,450,44612,"THIRION","Fabien","RN",10545,23.64,"3602","2e circonscription de l'Indre","Entre 22 et 25 %","#000375"
"37","3701",71139,35807,35332,330,146,34856,"DUCAMP","François","RN",3251,9.33,"3701","1ère circonscription d'Indre-et-Loire","Entre 9 et 12 %","#B3B5FF"
"37","3702",92211,44303,47908,751,295,46862,"GUESTAULT","Christophe","RN",10262,21.9,"3702","2e circonscription d'Indre-et-Loire","Entre 20 et 22 %","#3A3FC2"
"37","3703",99409,48032,51377,854,310,50213,"PROTIN","Irène","RN",9836,19.59,"3703","3e circonscription d'Indre-et-Loire","Entre 17 et 20 %","#585CDB"
"37","3704",92304,45720,46584,707,316,45561,"BELLANGER","Jean-François","RN",9044,19.85,"3704","4e circonscription d'Indre-et-Loire","Entre 17 et 20 %","#585CDB"
"37","3705",87110,43163,43947,639,276,43032,"LOUISIN","Ambre","RN",9069,21.08,"3705","5e circonscription d'Indre-et-Loire","Entre 20 et 22 %","#3A3FC2"
"41","4101",82775,41223,41552,649,282,40621,"CHASSIER","Michel","RN",9073,22.34,"4101","1ère circonscription du Loir-et-Cher","Entre 22 et 25 %","#000375"
"41","4102",80246,39744,40502,714,297,39491,"CHUDEAU","Roger","RN",9493,24.04,"4102","2e circonscription du Loir-et-Cher","Entre 22 et 25 %","#000375"
"41","4103",81926,38630,43296,781,318,42197,"BARDET","Marine","RN",10141,24.03,"4103","3e circonscription du Loir-et-Cher","Entre 22 et 25 %","#000375"
"45","4501",77605,38526,39079,554,195,38330,"HELIE","François-Valbert","RN",5842,15.24,"4501","1ère circonscription du Loiret","Entre 15 et 17 %","#7A7EF5"
"45","4502",87297,45300,41997,585,253,41159,"BABIN","Élodie","RN",7911,19.22,"4502","2e circonscription du Loiret","Entre 17 et 20 %","#585CDB"
"45","4503",70874,34617,36257,570,222,35465,"PARIS","Mathilde","RN",10931,30.82,"4503","3e circonscription du Loiret","Entre 30 et 54 %","#0D0F42"
"45","4504",74814,39061,35753,591,228,34934,"MÉNAGÉ","Thomas","RN",10986,31.45,"4504","4e circonscription du Loiret","Entre 30 et 54 %","#0D0F42"
"45","4505",73664,37920,35744,585,212,34947,"MANENT","Valentin","RN",9741,27.87,"4505","5e circonscription du Loiret","Entre 25 et 30 %","#090C5C"
"45","4506",75166,37741,37425,597,233,36595,"BOUBEKEUR","Carla","RN",7152,19.54,"4506","6e circonscription du Loiret","Entre 17 et 20 %","#585CDB"
"21","2101",70368,32512,37856,424,133,37299,"JOURDIER","Grâce","RN",4558,12.22,"2101","1ère circonscription de la Côte-d'Or","Entre 12 et 15 %","#999CFF"
"21","2102",71505,36160,35345,607,172,34566,"FORTIER","Mélanie","RN",7151,20.69,"2102","2e circonscription de la Côte-d'Or","Entre 20 et 22 %","#3A3FC2"
"21","2103",72546,37877,34669,569,177,33923,"BOURGOIS","Dominique-Alexandre","RN",7704,22.71,"2103","3e circonscription de la Côte-d'Or","Entre 22 et 25 %","#000375"
"21","2104",68395,31084,37311,560,177,36574,"PONELLE","Jean-Marc","RN",7733,21.14,"2104","4e circonscription de la Côte-d'Or","Entre 20 et 22 %","#3A3FC2"
"21","2105",85686,42560,43126,673,244,42209,"LIORET","René","RN",10005,23.7,"2105","5e circonscription de la Côte-d'Or","Entre 22 et 25 %","#000375"
"25","2501",76204,38419,37785,513,256,37016,"LUTZ","Thomas","RN",6597,17.82,"2501","1ère circonscription du Doubs","Entre 17 et 20 %","#585CDB"
"25","2502",79162,37688,41474,819,328,40327,"FUSIS","Eric","RN",7055,17.49,"2502","2e circonscription du Doubs","Entre 17 et 20 %","#585CDB"
"25","2503",64514,33263,31251,692,228,30331,"FRITSCH","Nathalie","RN",7819,25.78,"2503","3e circonscription du Doubs","Entre 25 et 30 %","#090C5C"
"25","2504",65534,36069,29465,450,230,28785,"GRANGIER","Géraldine","RN",8738,30.36,"2504","4e circonscription du Doubs","Entre 30 et 54 %","#0D0F42"
"25","2505",84707,43806,40901,542,201,40158,"JURY","Mathilde","RN",5869,14.61,"2505","5e circonscription du Doubs","Entre 12 et 15 %","#999CFF"
"39","3901",65020,30747,34273,606,328,33339,"BOUHALI","Thomas","RN",7301,21.9,"3901","1ère circonscription du Jura","Entre 20 et 22 %","#3A3FC2"
"39","3902",55796,28085,27711,422,156,27133,"HOUTHOOFD","Garance","RN",4628,17.06,"3902","2e circonscription du Jura","Entre 17 et 20 %","#585CDB"
"39","3903",70381,33854,36527,590,244,35693,"VUILLEMIN-PLANÇON","Aurore","RN",8264,23.15,"3903","3e circonscription du Jura","Entre 22 et 25 %","#000375"
"58","5801",74654,39023,35631,886,240,34505,"VIGNERON","Pauline","RN",9205,26.68,"5801","1ère circonscription de la Nièvre","Entre 25 et 30 %","#090C5C"
"58","5802",79766,37488,42278,794,446,41038,"GUIBERT","Julien","RN",11438,27.87,"5802","2e circonscription de la Nièvre","Entre 25 et 30 %","#090C5C"
"70","7001",88333,41699,46634,795,564,45275,"VILLEDIEU","Antoine","RN",13441,29.69,"7001","1ère circonscription de la Haute-Saône","Entre 25 et 30 %","#090C5C"
"70","7002",89814,44184,45630,895,549,44186,"SALMON","Emeric","RN",14574,32.98,"7002","2e circonscription de la Haute-Saône","Entre 30 et 54 %","#0D0F42"
"71","7101",74569,37625,36944,572,222,36150,"DUTREMBLE","Aurélien","RN",6909,19.11,"7101","1ère circonscription de Saône-et-Loire","Entre 17 et 20 %","#585CDB"
"71","7102",77216,38243,38973,596,264,38113,"DAMIEN","Olivier","RN",7179,18.84,"7102","2e circonscription de Saône-et-Loire","Entre 17 et 20 %","#585CDB"
"71","7103",81163,40609,40554,823,348,39383,"BAROIN","Sandrine","RN",10077,25.59,"7103","3e circonscription de Saône-et-Loire","Entre 25 et 30 %","#090C5C"
"71","7104",83048,43315,39733,756,280,38697,"DELOGE","Valérie","RN",9733,25.15,"7104","4e circonscription de Saône-et-Loire","Entre 25 et 30 %","#090C5C"
"71","7105",88039,46648,41391,650,346,40395,"SANVERT","Arnaud","RN",7682,19.02,"7105","5e circonscription de Saône-et-Loire","Entre 17 et 20 %","#585CDB"
"89","8901",75757,36467,39290,578,198,38514,"GRENON","Daniel","RN",9214,23.92,"8901","1ère circonscription de l'Yonne","Entre 22 et 25 %","#000375"
"89","8902",73470,36738,36732,855,281,35596,"LOPEZ","Audrey","RN",10936,30.72,"8902","2e circonscription de l'Yonne","Entre 30 et 54 %","#0D0F42"
"89","8903",89720,46558,43162,581,223,42358,"ODOUL","Julien","RN",14897,35.17,"8903","3e circonscription de l'Yonne","Entre 30 et 54 %","#0D0F42"
"90","9001",47752,24436,23316,422,164,22730,"SOUSTELLE","Christophe","RN",4868,21.42,"9001","1ère circonscription du Territoire de Belfort","Entre 20 et 22 %","#3A3FC2"
"90","9002",46494,23277,23217,427,295,22495,"CARNICER","Sophie","RN",4307,19.15,"9002","2e circonscription du Territoire de Belfort","Entre 17 et 20 %","#585CDB"
"14","1401",72797,33965,38832,588,203,38041,"LIBAN","Josseline","RN",4048,10.64,"1401","1ère circonscription du Calvados","Entre 9 et 12 %","#B3B5FF"
"14","1402",68611,34532,34079,450,209,33420,"DESLANDES","Céline","RN",5091,15.23,"1402","2e circonscription du Calvados","Entre 15 et 17 %","#7A7EF5"
"14","1403",79776,40819,38957,603,303,38051,"VILMET","Martine","RN",9229,24.25,"1403","3e circonscription du Calvados","Entre 22 et 25 %","#000375"
"14","1404",104659,51234,53425,722,286,52417,"BELONCLE","Patrick","RN",9849,18.79,"1404","4e circonscription du Calvados","Entre 17 et 20 %","#585CDB"
"14","1405",92550,43204,49346,593,218,48535,"CHAPRON","Philippe","RN",9241,19.04,"1405","5e circonscription du Calvados","Entre 17 et 20 %","#585CDB"
"14","1406",96452,47111,49341,827,463,48051,"ROY","Jean-Philippe","RN",10447,21.74,"1406","6e circonscription du Calvados","Entre 20 et 22 %","#3A3FC2"
"27","2701",86794,46314,40480,668,232,39580,"LOIR","Christine","RN",11830,29.89,"2701","1ère circonscription de l'Eure","Entre 25 et 30 %","#090C5C"
"27","2702",79041,39250,39791,721,201,38869,"LEVAVASSEUR","Katiana","RN",11508,29.61,"2702","2e circonscription de l'Eure","Entre 25 et 30 %","#090C5C"
"27","2703",85737,42270,43467,757,229,42481,"MAUVIEUX","Kévin","RN",13474,31.72,"2703","3e circonscription de l'Eure","Entre 30 et 54 %","#0D0F42"
"27","2704",92582,47898,44684,814,389,43481,"SAULIÈRE","Chrystelle","RN",12598,28.97,"2704","4e circonscription de l'Eure","Entre 25 et 30 %","#090C5C"
"27","2705",89556,45716,43840,674,209,42957,"HOUSSIN","Timothée","RN",12555,29.23,"2705","5e circonscription de l'Eure","Entre 25 et 30 %","#090C5C"
"50","5001",87531,44260,43271,548,208,42515,"SIMON","Franck","RN",7045,16.57,"5001","1ère circonscription de la Manche","Entre 15 et 17 %","#7A7EF5"
"50","5002",96968,47279,49689,932,379,48378,"KURDZIEL","Marie-Françoise","RN",8700,17.98,"5002","2e circonscription de la Manche","Entre 17 et 20 %","#585CDB"
"50","5003",110854,54290,56564,959,298,55307,"MASSON","Carmen","RN",10274,18.58,"5003","3e circonscription de la Manche","Entre 17 et 20 %","#585CDB"
"50","5004",89408,46490,42918,670,234,42014,"FOUACE","Eric","RN",7120,16.95,"5004","4e circonscription de la Manche","Entre 15 et 17 %","#7A7EF5"
"61","6101",68571,34895,33676,722,270,32684,"MAIGNAN","Myriam","RN",6723,20.57,"6101","1ère circonscription de l'Orne","Entre 20 et 22 %","#3A3FC2"
"61","6102",66070,32578,33492,468,143,32881,"MOREL","Alexandre","RN",8067,24.53,"6102","2e circonscription de l'Orne","Entre 22 et 25 %","#000375"
"61","6103",71115,35359,35756,604,240,34912,"FRÉMONT","Anthony","RN",6135,17.57,"6103","3e circonscription de l'Orne","Entre 17 et 20 %","#585CDB"
"76","7601",66671,32847,33824,285,116,33423,"CROSNIER","Mélanie","RN",3094,9.26,"7601","1ère circonscription de la Seine-Maritime","Entre 9 et 12 %","#B3B5FF"
"76","7602",95300,44038,51262,840,216,50206,"HOLINGUE","Bastien","RN",9733,19.39,"7602","2e circonscription de la Seine-Maritime","Entre 17 et 20 %","#585CDB"
"76","7603",70115,38900,31215,376,206,30633,"TESSIER","Salomée","RN",5251,17.14,"7603","3e circonscription de la Seine-Maritime","Entre 17 et 20 %","#585CDB"
"76","7604",87114,47116,39998,827,245,38926,"PENNELLE","Guillaume","RN",10105,25.96,"7604","4e circonscription de la Seine-Maritime","Entre 25 et 30 %","#090C5C"
"76","7605",95163,48371,46792,724,217,45851,"MONTIER","Jean-Cyril","RN",12867,28.06,"7605","5e circonscription de la Seine-Maritime","Entre 25 et 30 %","#090C5C"
"76","7606",109820,53505,56315,805,285,55225,"MARTIN","Patrice","RN",15325,27.75,"7606","6e circonscription de la Seine-Maritime","Entre 25 et 30 %","#090C5C"
"76","7607",86787,45943,40844,1137,80,39627,"DELESTRE","Lucie","RN",6064,15.3,"7607","7e circonscription de la Seine-Maritime","Entre 15 et 17 %","#7A7EF5"
"76","7608",65773,39894,25879,774,24,25081,"LE COZ","Isabelle","RN",4636,18.48,"7608","8e circonscription de la Seine-Maritime","Entre 17 et 20 %","#585CDB"
"76","7609",95656,48032,47624,895,258,46471,"GOURY","Nicolas","RN",13591,29.25,"7609","9e circonscription de la Seine-Maritime","Entre 25 et 30 %","#090C5C"
"76","7610",110309,53048,57261,1206,317,55738,"THOMAS","Anaïs","RN",16399,29.42,"7610","10e circonscription de la Seine-Maritime","Entre 25 et 30 %","#090C5C"
"02","0201",72479,37772,34707,546,227,33934,"DRAGON","Nicolas","RN",11245,33.14,"0201","1ère circonscription de l'Aisne","Entre 30 et 54 %","#0D0F42"
"02","0202",73176,39923,33253,473,187,32593,"PUISSANT","Lola","RN",9331,28.63,"0202","2e circonscription de l'Aisne","Entre 25 et 30 %","#090C5C"
"02","0203",66709,36374,30335,626,248,29461,"HANSEN-CATTA","Paul-Henry","RN",9518,32.31,"0203","3e circonscription de l'Aisne","Entre 30 et 54 %","#0D0F42"
"02","0204",78792,44526,34266,548,201,33517,"BEAURAIN","José","RN",11973,35.72,"0204","4e circonscription de l'Aisne","Entre 30 et 54 %","#0D0F42"
"02","0205",83141,43824,39317,588,191,38538,"DESSIGNY","Jocelyn","RN",13572,35.22,"0205","5e circonscription de l'Aisne","Entre 30 et 54 %","#0D0F42"
"59","5901",64224,34907,29317,351,148,28818,"LECLERCQ","Carole","RN",2960,10.27,"5901","1ère circonscription du Nord","Entre 9 et 12 %","#B3B5FF"
"59","5902",86831,46451,40380,558,246,39576,"GUÉRARD","Philippe","RN",5328,13.46,"5902","2e circonscription du Nord","Entre 12 et 15 %","#999CFF"
"59","5903",92320,55309,37011,492,204,36315,"DELANNOY","Sandra","RN",11323,31.18,"5903","3e circonscription du Nord","Entre 30 et 54 %","#0D0F42"
"59","5904",101667,52284,49383,547,224,48612,"PLANCKE","Patricia","RN",6785,13.96,"5904","4e circonscription du Nord","Entre 12 et 15 %","#999CFF"
"59","5905",101579,51649,49930,797,233,48900,"CATTEAU","Victor","RN",12211,24.97,"5905","5e circonscription du Nord","Entre 22 et 25 %","#000375"
"59","5906",93696,44317,49379,622,223,48534,"FENAIN","Virginie","RN",9614,19.81,"5906","6e circonscription du Nord","Entre 17 et 20 %","#585CDB"
"59","5907",73597,40974,32623,353,154,32116,"WILLEM","Jean-Sébastien","RN",5141,16.01,"5907","7e circonscription du Nord","Entre 15 et 17 %","#7A7EF5"
"59","5908",68585,46222,22363,387,171,21805,"SAHRAOUI","Rachida","RN",4346,19.93,"5908","8e circonscription du Nord","Entre 17 et 20 %","#585CDB"
"59","5909",92342,48253,44089,433,148,43508,"LANDRU","Christine","RN",4190,9.63,"5909","9e circonscription du Nord","Entre 9 et 12 %","#B3B5FF"
"59","5910",82222,50965,31257,501,177,30579,"D'HONT","Mélanie","RN",6709,21.94,"5910","10e circonscription du Nord","Entre 20 et 22 %","#3A3FC2"
"59","5911",94411,50851,43560,490,233,42837,"MOULIN","Maxime","RN",7355,17.17,"5911","11e circonscription du Nord","Entre 17 et 20 %","#585CDB"
"59","5912",93096,51696,41400,688,236,40476,"TAVERNE","Michaël","RN",13727,33.91,"5912","12e circonscription du Nord","Entre 30 et 54 %","#0D0F42"
"59","5913",86991,51187,35804,805,245,34754,"DUVAL","Yohann","RN",10506,30.23,"5913","13e circonscription du Nord","Entre 30 et 54 %","#0D0F42"
"59","5914",99404,51986,47418,890,359,46169,"CUVELIER","Pierrette","RN",13032,28.23,"5914","14e circonscription du Nord","Entre 25 et 30 %","#090C5C"
"59","5915",97792,50543,47249,938,388,45923,"BERTELOOT","Pierrick","RN",12133,26.42,"5915","15e circonscription du Nord","Entre 25 et 30 %","#090C5C"
"59","5916",83726,48329,35397,567,203,34627,"MARCHIO","Matthieu","RN",12416,35.86,"5916","16e circonscription du Nord","Entre 30 et 54 %","#0D0F42"
"59","5917",73652,41250,32402,573,187,31642,"FRANCOIS","Thibaut","RN",10414,32.91,"5917","17e circonscription du Nord","Entre 30 et 54 %","#0D0F42"
"59","5918",91104,49941,41163,544,190,40429,"DISDIER","Mélanie","RN",12074,29.86,"5918","18e circonscription du Nord","Entre 25 et 30 %","#090C5C"
"59","5919",80357,46376,33981,488,217,33276,"CHENU","Sébastien","RN",14758,44.35,"5919","19e circonscription du Nord","Entre 30 et 54 %","#0D0F42"
"59","5920",81518,49220,32298,451,168,31679,"FLORQUIN","Guillaume","RN",10334,32.62,"5920","20e circonscription du Nord","Entre 30 et 54 %","#0D0F42"
"59","5921",81066,47110,33956,540,200,33216,"VALENTIN","Océane","RN",9508,28.62,"5921","21e circonscription du Nord","Entre 25 et 30 %","#090C5C"
"60","6001",83108,43338,39770,454,215,39101,"MAGNIER","David","RN",10780,27.57,"6001","1ère circonscription de l'Oise","Entre 25 et 30 %","#090C5C"
"60","6002",89121,46774,42347,705,295,41347,"BALLARD","Philippe","RN",14440,34.92,"6002","2e circonscription de l'Oise","Entre 30 et 54 %","#0D0F42"
"60","6003",73818,43189,30629,463,199,29967,"SABATOU","Alexandre","RN",9031,30.14,"6003","3e circonscription de l'Oise","Entre 30 et 54 %","#0D0F42"
"60","6004",93547,48056,45491,680,209,44602,"HAVEZ","Audrey","RN",10772,24.15,"6004","4e circonscription de l'Oise","Entre 22 et 25 %","#000375"
"60","6005",73322,38567,34755,391,152,34212,"LAMZOUDI","Myriam","RN",8362,24.44,"6005","5e circonscription de l'Oise","Entre 22 et 25 %","#000375"
"60","6006",75884,39064,36820,570,187,36063,"GUINIOT","Michel","RN",10322,28.62,"6006","6e circonscription de l'Oise","Entre 25 et 30 %","#090C5C"
"60","6007",76841,41287,35554,447,191,34916,"SZYSZKA","Tristan","RN",8745,25.05,"6007","7e circonscription de l'Oise","Entre 25 et 30 %","#090C5C"
"62","6201",104993,52622,52371,914,482,50975,"BLAIRY","Emmanuel","RN",18153,35.61,"6201","1ère circonscription du Pas-de-Calais","Entre 30 et 54 %","#0D0F42"
"62","6202",87615,43458,44157,731,452,42974,"HEUSÈLE","Alban","RN",10604,24.68,"6202","2e circonscription du Pas-de-Calais","Entre 22 et 25 %","#000375"
"62","6203",83196,48427,34769,465,278,34026,"CLAVET","Bruno","RN",13050,38.35,"6203","3e circonscription du Pas-de-Calais","Entre 30 et 54 %","#0D0F42"
"62","6204",89982,44381,45601,862,418,44321,"VANPEENE","Françoise","RN",10378,23.42,"6204","4e circonscription du Pas-de-Calais","Entre 22 et 25 %","#000375"
"62","6205",90592,49973,40619,535,274,39810,"GOLLIOT","Antoine","RN",10691,26.86,"6205","5e circonscription du Pas-de-Calais","Entre 25 et 30 %","#090C5C"
"62","6206",93771,46738,47033,904,442,45687,"ENGRAND","Christine","RN",13857,30.33,"6206","6e circonscription du Pas-de-Calais","Entre 30 et 54 %","#0D0F42"
"62","6207",94066,54590,39476,473,272,38731,"DE FLEURIAN","Marc","RN",11313,29.21,"6207","7e circonscription du Pas-de-Calais","Entre 25 et 30 %","#090C5C"
"62","6208",92192,47025,45167,598,367,44202,"EVRARD","Auguste","RN",12140,27.46,"6208","8e circonscription du Pas-de-Calais","Entre 25 et 30 %","#090C5C"
"62","6209",80121,41475,38646,652,325,37669,"PARMENTIER","Caroline","RN",11596,30.78,"6209","9e circonscription du Pas-de-Calais","Entre 30 et 54 %","#0D0F42"
"62","6210",88835,49538,39297,735,367,38195,"FRAPPÉ","Thierry","RN",18230,47.73,"6210","10e circonscription du Pas-de-Calais","Entre 30 et 54 %","#0D0F42"
"62","6211",94162,54048,40114,482,308,39324,"LE PEN","Marine","RN",21219,53.96,"6211","11e circonscription du Pas-de-Calais","Entre 30 et 54 %","#0D0F42"
"62","6212",96495,55487,41008,869,424,39715,"BILDE","Bruno","RN",16609,41.82,"6212","12e circonscription du Pas-de-Calais","Entre 30 et 54 %","#0D0F42"
"80","8001",84040,45452,38588,675,292,37621,"RIBEIRO-BILLET","Nathalie","RN",8495,22.58,"8001","1ère circonscription de la Somme","Entre 22 et 25 %","#000375"
"80","8002",77978,40693,37285,581,197,36507,"HERMANS","Nadia","RN",5780,15.83,"8002","2e circonscription de la Somme","Entre 15 et 17 %","#7A7EF5"
"80","8003",82597,39096,43501,903,288,42310,"LOTTIN","Nicolas","RN",13091,30.94,"8003","3e circonscription de la Somme","Entre 30 et 54 %","#0D0F42"
"80","8004",85122,41991,43131,1018,285,41828,"TANGUY","Jean-Philippe","RN",13575,32.45,"8004","4e circonscription de la Somme","Entre 30 et 54 %","#0D0F42"
"80","8005",81341,41325,40016,676,194,39146,"MENACHE","Yael","RN",13501,34.49,"8005","5e circonscription de la Somme","Entre 30 et 54 %","#0D0F42"
"08","0801",70937,37927,33010,516,245,32249,"RICHARD","Laurent","RN",8835,27.4,"0801","1ère circonscription des Ardennes","Entre 25 et 30 %","#090C5C"
"08","0802",60726,34278,26448,264,113,26071,"PHILIPPO","Baptiste","RN",5485,21.04,"0802","2e circonscription des Ardennes","Entre 20 et 22 %","#3A3FC2"
"08","0803",55268,28956,26312,278,177,25857,"LEMOINE","David","RN",5758,22.27,"0803","3e circonscription des Ardennes","Entre 22 et 25 %","#000375"
"10","1001",64531,32444,32087,502,170,31415,"GUITTON","Jordan","RN",11406,36.31,"1001","1ère circonscription de l'Aube","Entre 30 et 54 %","#0D0F42"
"10","1002",75264,38089,37175,507,179,36489,"HENRY","Evelyne","RN",9990,27.38,"1002","2e circonscription de l'Aube","Entre 25 et 30 %","#090C5C"
"10","1003",66547,35552,30995,468,184,30343,"RANC","Angélique","RN",8958,29.52,"1003","3e circonscription de l'Aube","Entre 25 et 30 %","#090C5C"
"51","5101",74453,42006,32447,342,121,31984,"PARIS","Roger","RN",6485,20.28,"5101","1ère circonscription de la Marne","Entre 20 et 22 %","#3A3FC2"
"51","5102",74637,40287,34350,433,1108,32809,"FRIGOUT","Anne-Sophie","RN",7213,21.98,"5102","2e circonscription de la Marne","Entre 20 et 22 %","#3A3FC2"
"51","5103",80021,43801,36220,632,350,35238,"MARC","Jennifer","RN",10215,28.99,"5103","3e circonscription de la Marne","Entre 25 et 30 %","#090C5C"
"51","5104",77088,42298,34790,499,165,34126,"BESSON","Thierry","RN",9533,27.93,"5104","4e circonscription de la Marne","Entre 25 et 30 %","#090C5C"
"51","5105",75988,38735,37253,441,147,36665,"THIONNET","Pierre","RN",9989,27.24,"5105","5e circonscription de la Marne","Entre 25 et 30 %","#090C5C"
"52","5201",70037,34593,35444,501,229,34714,"BENTZ","Christophe","RN",9479,27.31,"5201","1ère circonscription de la Haute-Marne","Entre 25 et 30 %","#090C5C"
"52","5202",59449,31315,28134,388,153,27593,"ROBERT-DEHAULT","Laurence","RN",10928,39.6,"5202","2e circonscription de la Haute-Marne","Entre 30 et 54 %","#0D0F42"
"54","5401",82436,42656,39780,524,198,39058,"MELET","Patricia","RN",5669,14.51,"5401","1ère circonscription de Meurthe-et-Moselle","Entre 12 et 15 %","#999CFF"
"54","5402",67490,33847,33643,423,152,33068,"MAILLOT","Olivier","RN",4427,13.39,"5402","2e circonscription de Meurthe-et-Moselle","Entre 12 et 15 %","#999CFF"
"54","5403",80739,50601,30138,441,175,29522,"DI REZZE","Muriel","RN",7061,23.92,"5403","3e circonscription de Meurthe-et-Moselle","Entre 22 et 25 %","#000375"
"54","5404",97548,51229,46319,569,243,45507,"BILDE","Dominique","RN",11825,25.99,"5404","4e circonscription de Meurthe-et-Moselle","Entre 25 et 30 %","#090C5C"
"54","5405",78445,40492,37953,501,168,37284,"MORENVILLIER","Philippe","RN",10216,27.4,"5405","5e circonscription de Meurthe-et-Moselle","Entre 25 et 30 %","#090C5C"
"54","5406",87286,49647,37639,591,181,36867,"BOULOGNE","Anthony","RN",10501,28.48,"5406","6e circonscription de Meurthe-et-Moselle","Entre 25 et 30 %","#090C5C"
"55","5501",75640,38934,36706,601,241,35864,"GAUDINEAU","Brigitte","RN",10914,30.43,"5501","1ère circonscription de la Meuse","Entre 30 et 54 %","#0D0F42"
"55","5502",59520,32306,27214,453,156,26605,"GOULET","Florence","RN",8695,32.68,"5502","2e circonscription de la Meuse","Entre 30 et 54 %","#0D0F42"
"57","5701",93029,55249,37780,585,208,36987,"LALOUX","Grégoire","RN",9385,25.37,"5701","1ère circonscription de la Moselle","Entre 25 et 30 %","#090C5C"
"57","5702",76226,42043,34183,512,145,33526,"BAUCHAT","Olivier","RN",6871,20.49,"5702","2e circonscription de la Moselle","Entre 20 et 22 %","#3A3FC2"
"57","5703",75859,41568,34291,443,149,33699,"GROLET","Françoise","RN",6192,18.37,"5703","3e circonscription de la Moselle","Entre 17 et 20 %","#585CDB"
"57","5704",80994,43316,37678,537,139,37002,"RAMBOUR","Michel","RN",7853,21.22,"5704","4e circonscription de la Moselle","Entre 20 et 22 %","#3A3FC2"
"57","5705",72425,42765,29660,509,180,28971,"VOINÇON","Marie-Claude","RN",7498,25.88,"5705","5e circonscription de la Moselle","Entre 25 et 30 %","#090C5C"
"57","5706",66885,43212,23673,369,161,23143,"PFEFFER","Kévin","RN",7077,30.58,"5706","6e circonscription de la Moselle","Entre 30 et 54 %","#0D0F42"
"57","5707",89488,53192,36296,573,165,35558,"LOUBET","Alexandre","RN",12018,33.8,"5707","7e circonscription de la Moselle","Entre 30 et 54 %","#0D0F42"
"57","5708",91160,58672,32488,577,168,31743,"JACOBELLI","Laurent","RN",11167,35.18,"5708","8e circonscription de la Moselle","Entre 30 et 54 %","#0D0F42"
"57","5709",101695,59533,42162,759,229,41174,"REICHLING","Stéphane","RN",8918,21.66,"5709","9e circonscription de la Moselle","Entre 20 et 22 %","#3A3FC2"
"67","6701",62677,30864,31813,262,92,31459,"VOLOKHOVA","Tamara","RN",2061,6.55,"6701","1ère circonscription du Bas-Rhin","Entre 5 et 9 %","#CCCEFF"
"67","6702",73361,38240,35121,331,131,34659,"DU PARC","Hombeline","RN",3977,11.47,"6702","2e circonscription du Bas-Rhin","Entre 9 et 12 %","#B3B5FF"
"67","6703",70914,38491,32423,320,95,32008,"DÔ","Stéphanie","RN",4309,13.46,"6703","3e circonscription du Bas-Rhin","Entre 12 et 15 %","#999CFF"
"67","6704",97910,50791,47119,550,195,46374,"JORON","Virginie","RN",7931,17.1,"6704","4e circonscription du Bas-Rhin","Entre 17 et 20 %","#585CDB"
"67","6705",106170,57594,48576,640,266,47670,"WOLFF","Marc","RN",10052,21.09,"6705","5e circonscription du Bas-Rhin","Entre 20 et 22 %","#3A3FC2"
"67","6706",97605,52470,45135,516,181,44438,"STEINBACH","Jean-Frédéric","RN",10065,22.65,"6706","6e circonscription du Bas-Rhin","Entre 22 et 25 %","#000375"
"67","6707",85738,46583,39155,491,262,38402,"ESCHENMANN","Valérie","RN",8183,21.31,"6707","7e circonscription du Bas-Rhin","Entre 20 et 22 %","#3A3FC2"
"67","6708",94515,53686,40829,550,221,40058,"KNOEPFFLER","Ludwig","RN",10527,26.28,"6708","8e circonscription du Bas-Rhin","Entre 25 et 30 %","#090C5C"
"67","6709",95481,53635,41846,462,199,41185,"GNAEDIG","Laurent","RN",9043,21.96,"6709","9e circonscription du Bas-Rhin","Entre 20 et 22 %","#3A3FC2"
"68","6801",78280,43605,34675,403,170,34102,"SCHOENBECK","Steven","RN",5866,17.2,"6801","1ère circonscription du Haut-Rhin","Entre 17 et 20 %","#585CDB"
"68","6802",92578,48686,43892,624,220,43048,"AUBERT","Nathalie","RN",7893,18.34,"6802","2e circonscription du Haut-Rhin","Entre 17 et 20 %","#585CDB"
"68","6803",87098,48042,39056,442,154,38460,"ZIMMERMANN","Christian","RN",7838,20.38,"6803","3e circonscription du Haut-Rhin","Entre 20 et 22 %","#3A3FC2"
"68","6804",103981,58490,45491,673,446,44372,"WILHELM","Marion","RN",11622,26.19,"6804","4e circonscription du Haut-Rhin","Entre 25 et 30 %","#090C5C"
"68","6805",77044,44611,32433,571,106,31756,"PINTO","Pierre","RN",5122,16.13,"6805","5e circonscription du Haut-Rhin","Entre 15 et 17 %","#7A7EF5"
"68","6806",94467,56288,38179,688,198,37293,"RITZ","Christelle","RN",9415,25.25,"6806","6e circonscription du Haut-Rhin","Entre 25 et 30 %","#090C5C"
"88","8801",76767,40303,36464,572,213,35679,"MOONS","Emmie","RN",7316,20.51,"8801","1ère circonscription des Vosges","Entre 20 et 22 %","#3A3FC2"
"88","8802",72545,37677,34868,646,244,33978,"DUSSAUSAYE","Gaëtan","RN",9762,28.73,"8802","2e circonscription des Vosges","Entre 25 et 30 %","#090C5C"
"88","8803",63940,31350,32590,381,146,32063,"FRANÇOIS","Pierre","RN",5805,18.1,"8803","3e circonscription des Vosges","Entre 17 et 20 %","#585CDB"
"88","8804",65296,31812,33484,545,254,32685,"HUMBERT","Sébastien","RN",8530,26.1,"8804","4e circonscription des Vosges","Entre 25 et 30 %","#090C5C"
"44","4401",77125,34947,42178,573,101,41504,"PECQUEUR","Bryan","RN",2652,6.39,"4401","1ère circonscription de la Loire-Atlantique","Entre 5 et 9 %","#CCCEFF"
"44","4402",91433,40126,51307,662,191,50454,"GASNIER","Nicolas","RN",2520,4.99,"4402","2e circonscription de la Loire-Atlantique","Moins de 5 %","#E5E6FF"
"44","4403",96735,48854,47881,1031,221,46629,"JARRY","Véronique","RN",4622,9.91,"4403","3e circonscription de la Loire-Atlantique","Entre 9 et 12 %","#B3B5FF"
"44","4404",93261,45027,48234,585,257,47392,"PINEAU","Gaëlle","RN",4838,10.21,"4404","4e circonscription de la Loire-Atlantique","Entre 9 et 12 %","#B3B5FF"
"44","4405",125896,59856,66040,1033,297,64710,"KARCHER","Millà","RN",7475,11.55,"4405","5e circonscription de la Loire-Atlantique","Entre 9 et 12 %","#B3B5FF"
"44","4406",115370,59617,55753,1132,433,54188,"BOUGOT","Teddy","RN",9324,17.21,"4406","6e circonscription de la Loire-Atlantique","Entre 17 et 20 %","#585CDB"
"44","4407",117302,57535,59767,1095,358,58314,"LE PAGE","Laurence","RN",9309,15.96,"4407","7e circonscription de la Loire-Atlantique","Entre 15 et 17 %","#7A7EF5"
"44","4408",90125,47488,42637,507,202,41928,"BOUCHET","Gauthier","RN",6443,15.37,"4408","8e circonscription de la Loire-Atlantique","Entre 15 et 17 %","#7A7EF5"
"44","4409",129927,64111,65816,1120,410,64286,"MALDINEY","Bastian","RN",11358,17.67,"4409","9e circonscription de la Loire-Atlantique","Entre 17 et 20 %","#585CDB"
"44","4410",123757,59919,63838,1000,488,62350,"BANNWARTH","Geneviève","RN",7011,11.24,"4410","10e circonscription de la Loire-Atlantique","Entre 9 et 12 %","#B3B5FF"
"49","4901",88006,42997,45009,709,228,44072,"DE CHABOT","Gabriel","RN",5484,12.44,"4901","1ère circonscription de Maine-et-Loire","Entre 12 et 15 %","#999CFF"
"49","4902",94016,46268,47748,812,270,46666,"LEMENACH","Anne-Sophie","RN",5735,12.29,"4902","2e circonscription de Maine-et-Loire","Entre 12 et 15 %","#999CFF"
"49","4903",72564,37968,34596,676,251,33669,"LAHONDÈS","Bernard","RN",7411,22.01,"4903","3e circonscription de Maine-et-Loire","Entre 22 et 25 %","#000375"
"49","4904",76227,38242,37985,721,253,37011,"MORINEAU","Patrick","RN",7308,19.75,"4904","4e circonscription de Maine-et-Loire","Entre 17 et 20 %","#585CDB"
"49","4905",79420,43412,36008,722,273,35013,"DE CAMPEAU","Sigline","RN",4588,13.1,"4905","5e circonscription de Maine-et-Loire","Entre 12 et 15 %","#999CFF"
"49","4906",98372,51365,47007,1197,463,45347,"LECLUSE","Pie-Louis","RN",7229,15.94,"4906","6e circonscription de Maine-et-Loire","Entre 15 et 17 %","#7A7EF5"
"49","4907",82870,41688,41182,860,300,40022,"LAHONDÈS","Aurore","RN",6039,15.09,"4907","7e circonscription de Maine-et-Loire","Entre 15 et 17 %","#7A7EF5"
"53","5301",73723,37242,36481,583,257,35641,"ROCTON","Sandra","RN",4744,13.31,"5301","1ère circonscription de la Mayenne","Entre 12 et 15 %","#999CFF"
"53","5302",79066,40920,38146,816,355,36975,"CADENAS","Jean-Michel","RN",5966,16.14,"5302","2e circonscription de la Mayenne","Entre 15 et 17 %","#7A7EF5"
"53","5303",72427,37734,34693,758,349,33586,"BELL","Annie","RN",5335,15.88,"5303","3e circonscription de la Mayenne","Entre 15 et 17 %","#7A7EF5"
"72","7201",73499,38124,35375,827,142,34406,"PICOULEAU","Edwige","RN",6150,17.87,"7201","1ère circonscription de la Sarthe","Entre 17 et 20 %","#585CDB"
"72","7202",83267,47585,35682,868,138,34676,"FURET","Angéline","RN",7261,20.94,"7202","2e circonscription de la Sarthe","Entre 20 et 22 %","#3A3FC2"
"72","7203",86562,46699,39863,838,365,38660,"PINÇON","Bruno","RN",10570,27.34,"7203","3e circonscription de la Sarthe","Entre 25 et 30 %","#090C5C"
"72","7204",80894,43915,36979,746,212,36021,"DE MALHERBE","Raymond","RN",7673,21.3,"7204","4e circonscription de la Sarthe","Entre 20 et 22 %","#3A3FC2"
"72","7205",87876,47090,40786,1147,306,39333,"DE VIGNERAL","Victoria","RN",8944,22.74,"7205","5e circonscription de la Sarthe","Entre 22 et 25 %","#000375"
"85","8501",118646,62696,55950,1123,591,54236,"N'DONG","Lilas","RN",8791,16.21,"8501","1ère circonscription de la Vendée","Entre 15 et 17 %","#7A7EF5"
"85","8502",112160,55519,56641,1017,424,55200,"LALOUE","Franck","RN",9665,17.51,"8502","2e circonscription de la Vendée","Entre 17 et 20 %","#585CDB"
"85","8503",135251,67719,67532,928,431,66173,"FILLET","Corinne","RN",14154,21.39,"8503","3e circonscription de la Vendée","Entre 20 et 22 %","#3A3FC2"
"85","8504",102676,53141,49535,853,339,48343,"DALCANTARA","Bruno","RN",5218,10.79,"8504","4e circonscription de la Vendée","Entre 9 et 12 %","#B3B5FF"
"85","8505",84108,41913,42195,770,367,41058,"MAGNIN","Isabelle","RN",8618,20.99,"8505","5e circonscription de la Vendée","Entre 20 et 22 %","#3A3FC2"
"22","2201",91910,43151,48759,795,333,47631,"BILLAUD","Françoise","RN",5904,12.4,"2201","1ère circonscription des Côtes-d'Armor","Entre 12 et 15 %","#999CFF"
"22","2202",103405,45493,57912,777,390,56745,"KIEFFER","Antoine","RN",9340,16.46,"2202","2e circonscription des Côtes-d'Armor","Entre 15 et 17 %","#7A7EF5"
"22","2203",88969,39690,49279,494,320,48465,"DE MELLON","Odile","RN",5693,11.75,"2203","3e circonscription des Côtes-d'Armor","Entre 9 et 12 %","#B3B5FF"
"22","2204",81079,36361,44718,766,390,43562,"LUDE","Noël","RN",7027,16.13,"2204","4e circonscription des Côtes-d'Armor","Entre 15 et 17 %","#7A7EF5"
"22","2205",107754,46694,61060,798,320,59942,"CASTEK","Sandrine","RN",7999,13.34,"2205","5e circonscription des Côtes-d'Armor","Entre 12 et 15 %","#999CFF"
"29","2901",92327,42054,50273,806,345,49122,"HÉNAFF","Christel","RN",5339,10.87,"2901","1ère circonscription du Finistère","Entre 9 et 12 %","#B3B5FF"
"29","2902",79064,40061,39003,935,38,38030,"POULLAOUEC","Yvette","RN",3815,10.03,"2902","2e circonscription du Finistère","Entre 9 et 12 %","#B3B5FF"
"29","2903",93142,45066,48076,918,167,46991,"ABASQ","Roger","RN",5989,12.74,"2903","3e circonscription du Finistère","Entre 12 et 15 %","#999CFF"
"29","2904",84015,39130,44885,682,229,43974,"BIHOUEE","Tony","RN",5181,11.78,"2904","4e circonscription du Finistère","Entre 9 et 12 %","#B3B5FF"
"29","2905",97851,47227,50624,653,216,49755,"THOMAÏDIS","Renée","RN",6591,13.25,"2905","5e circonscription du Finistère","Entre 12 et 15 %","#999CFF"
"29","2906",91259,41001,50258,716,297,49245,"LE FUR","Patrick","RN",7146,14.51,"2906","6e circonscription du Finistère","Entre 12 et 15 %","#999CFF"
"29","2907",83306,37467,45839,685,326,44828,"NICOLAS","Franck","RN",5589,12.47,"2907","7e circonscription du Finistère","Entre 12 et 15 %","#999CFF"
"29","2908",91066,42878,48188,970,554,46664,"PEREZ","Christian","RN",7522,16.12,"2908","8e circonscription du Finistère","Entre 15 et 17 %","#7A7EF5"
"35","3501",93482,43440,50042,773,321,48948,"DESPREZ","Nadine","RN",4679,9.56,"3501","1ère circonscription d'Ille-et-Vilaine","Entre 9 et 12 %","#B3B5FF"
"35","3502",98259,42410,55849,913,282,54654,"CADIOU","Stéphanie","RN",4598,8.41,"3502","2e circonscription d'Ille-et-Vilaine","Entre 5 et 9 %","#CCCEFF"
"35","3503",91835,43669,48166,768,308,47090,"PRUNIER","Astrid","RN",6998,14.86,"3503","3e circonscription d'Ille-et-Vilaine","Entre 12 et 15 %","#999CFF"
"35","3504",95807,47381,48426,893,401,47132,"ORAIN","Gabriel","RN",8245,17.49,"3504","4e circonscription d'Ille-et-Vilaine","Entre 17 et 20 %","#585CDB"
"35","3505",109714,54316,55398,939,445,54014,"GILOIS","Françoise","RN",7248,13.42,"3505","5e circonscription d'Ille-et-Vilaine","Entre 12 et 15 %","#999CFF"
"35","3506",90274,43256,47018,791,335,45892,"PENNELLE","Gilles","RN",7618,16.6,"3506","6e circonscription d'Ille-et-Vilaine","Entre 15 et 17 %","#7A7EF5"
"35","3507",105132,50143,54989,677,278,54034,"LEMOINE","Dylan","RN",6861,12.7,"3507","7e circonscription d'Ille-et-Vilaine","Entre 12 et 15 %","#999CFF"
"35","3508",90991,40660,50331,657,226,49448,"LOOTEN","Marianne","RN",3399,6.87,"3508","8e circonscription d'Ille-et-Vilaine","Entre 5 et 9 %","#CCCEFF"
"56","5601",114850,52116,62734,788,254,61692,"LE BARZ","Lydia Veronique Caroline","RN",7145,11.58,"5601","1ère circonscription du Morbihan","Entre 9 et 12 %","#B3B5FF"
"56","5602",112403,52195,60208,880,348,58980,"MARTIN","Joseph","RN",9054,15.35,"5602","2e circonscription du Morbihan","Entre 15 et 17 %","#7A7EF5"
"56","5603",96628,47683,48945,832,391,47722,"GOHIN","Alice","RN",8938,18.73,"5603","3e circonscription du Morbihan","Entre 17 et 20 %","#585CDB"
"56","5604",111731,52720,59011,581,263,58167,"DE KERSAUSON","Florent","RN",9377,16.12,"5604","4e circonscription du Morbihan","Entre 15 et 17 %","#7A7EF5"
"56","5605",81829,40041,41788,585,162,41041,"MEGEL","David","RN",5307,12.93,"5605","5e circonscription du Morbihan","Entre 12 et 15 %","#999CFF"
"56","5606",93727,45125,48602,922,388,47292,"LE GOFF","Aurélie","RN",10213,21.6,"5606","6e circonscription du Morbihan","Entre 20 et 22 %","#3A3FC2"
"16","1601",83777,42466,41311,522,280,40509,"MARTINESE","Anna","RN",6503,16.05,"1601","1ère circonscription de la Charente","Entre 15 et 17 %","#7A7EF5"
"16","1602",83697,42385,41312,773,330,40209,"RAPPASSE","Marceau","RN",9245,22.99,"1602","2e circonscription de la Charente","Entre 22 et 25 %","#000375"
"16","1603",90900,43810,47090,1046,598,45446,"COLOMBIER","Caroline","RN",10475,23.05,"1603","3e circonscription de la Charente","Entre 22 et 25 %","#000375"
"17","1701",110467,54879,55588,370,166,55052,"CHAUVEAU","Emma","RN",5253,9.54,"1701","1ère circonscription de la Charente-Maritime","Entre 9 et 12 %","#B3B5FF"
"17","1702",112182,56838,55344,784,282,54278,"GUERIT","Richard","RN",11049,20.36,"1702","2e circonscription de la Charente-Maritime","Entre 20 et 22 %","#3A3FC2"
"17","1703",84182,41977,42205,706,283,41216,"COLLARD","Nathalie","RN",9192,22.3,"1703","3e circonscription de la Charente-Maritime","Entre 22 et 25 %","#000375"
"17","1704",94405,46888,47517,897,438,46182,"MARKOWSKY","Pascal","RN",11900,25.77,"1704","4e circonscription de la Charente-Maritime","Entre 25 et 30 %","#090C5C"
"17","1705",119708,58931,60777,679,311,59787,"WERBROUCK","Séverine","RN",15404,25.76,"1705","5e circonscription de la Charente-Maritime","Entre 25 et 30 %","#090C5C"
"19","1901",92420,38505,53915,1044,626,52245,"POUGET","Maitey","RN",7905,15.13,"1901","1ère circonscription de la Corrèze","Entre 15 et 17 %","#7A7EF5"
"19","1902",93149,42986,50163,1116,667,48380,"ELOPHE","Valéry","RN",8490,17.55,"1902","2e circonscription de la Corrèze","Entre 17 et 20 %","#585CDB"
"23","2301",91035,41508,49527,1332,614,47581,"BILDE","Sylvie","RN",8118,17.06,"2301","1ère circonscription de la Creuse","Entre 17 et 20 %","#585CDB"
"24","2401",77866,36211,41655,704,491,40460,"AMBROISE","Williams","RN",8209,20.29,"2401","1ère circonscription de la Dordogne","Entre 20 et 22 %","#3A3FC2"
"24","2402",84302,39679,44623,688,448,43487,"MULLER","Serge","RN",10338,23.77,"2402","2e circonscription de la Dordogne","Entre 22 et 25 %","#000375"
"24","2403",67367,28120,39247,946,559,37742,"JOUBERT","Florence","RN",8477,22.46,"2403","3e circonscription de la Dordogne","Entre 22 et 25 %","#000375"
"24","2404",89793,39369,50424,839,564,49021,"LE BERRE","Ludivine","RN",8624,17.59,"2404","4e circonscription de la Dordogne","Entre 17 et 20 %","#585CDB"
"33","3301",104109,52049,52060,576,203,51281,"PALUTEAU","Bruno","RN",4929,9.61,"3301","1ère circonscription de la Gironde","Entre 9 et 12 %","#B3B5FF"
"33","3302",72287,33986,38301,393,114,37794,"LE CAMUS","Pierre","RN",1970,5.21,"3302","2e circonscription de la Gironde","Entre 5 et 9 %","#CCCEFF"
"33","3303",89487,44682,44805,638,220,43947,"BASTERES","Maryvonne","RN",4748,10.8,"3303","3e circonscription de la Gironde","Entre 9 et 12 %","#B3B5FF"
"33","3304",98440,54125,44315,619,228,43468,"RECHAGNEUX","Julie","RN",9191,21.14,"3304","4e circonscription de la Gironde","Entre 20 et 22 %","#3A3FC2"
"33","3305",120985,61029,59956,1110,449,58397,"DE FOURNAS","Grégoire","RN",16672,28.55,"3305","5e circonscription de la Gironde","Entre 25 et 30 %","#090C5C"
"33","3306",108026,51615,56411,854,259,55298,"BOURLIEUX","Jimmy","RN",8222,14.87,"3306","6e circonscription de la Gironde","Entre 12 et 15 %","#999CFF"
"33","3307",79767,36857,42910,633,220,42057,"ERB","Francine","RN",4914,11.68,"3307","7e circonscription de la Gironde","Entre 9 et 12 %","#B3B5FF"
"33","3308",119801,58927,60874,781,285,59808,"LAMARA","Laurent","RN",11798,19.73,"3308","8e circonscription de la Gironde","Entre 17 et 20 %","#585CDB"
"33","3309",102166,49428,52738,1102,400,51236,"OBRADOR","Damien","RN",12008,23.44,"3309","9e circonscription de la Gironde","Entre 22 et 25 %","#000375"
"33","3310",83277,40667,42610,781,347,41482,"CHADOURNE","Sandrine","RN",11628,28.03,"3310","10e circonscription de la Gironde","Entre 25 et 30 %","#090C5C"
"33","3311",98734,50204,48530,823,369,47338,"DIAZ","Edwige","RN",18662,39.42,"3311","11e circonscription de la Gironde","Entre 30 et 54 %","#0D0F42"
"33","3312",88115,40934,47181,660,283,46238,"JACQUEMIN","Hager","RN",9375,20.28,"3312","12e circonscription de la Gironde","Entre 20 et 22 %","#3A3FC2"
"40","4001",108518,51017,57501,1298,407,55796,"DUFAY","Michel","RN",11241,20.15,"4001","1ère circonscription des Landes","Entre 20 et 22 %","#3A3FC2"
"40","4002",123039,58533,64506,1301,424,62781,"RIVOIRE","Véronique","RN",10116,16.11,"4002","2e circonscription des Landes","Entre 15 et 17 %","#7A7EF5"
"40","4003",99462,42930,56532,1122,485,54925,"FRANCESCHINI","Sylvie","RN",10317,18.78,"4003","3e circonscription des Landes","Entre 17 et 20 %","#585CDB"
"47","4701",88680,42241,46439,1073,459,44907,"DELBOSQ","Sébastien","RN",12514,27.87,"4701","1ère circonscription du Lot-et-Garonne","Entre 25 et 30 %","#090C5C"
"47","4702",77436,36278,41158,741,379,40038,"LAPORTE","Hélène","RN",12233,30.55,"4702","2e circonscription du Lot-et-Garonne","Entre 30 et 54 %","#0D0F42"
"47","4703",75995,36092,39903,792,386,38725,"COUSIN","Annick","RN",9664,24.96,"4703","3e circonscription du Lot-et-Garonne","Entre 22 et 25 %","#000375"
"64","6401",69004,32478,36526,670,239,35617,"VERRIERE","François","RN",4991,14.01,"6401","1ère circonscription des Pyrénées-Atlantiques","Entre 12 et 15 %","#999CFF"
"64","6402",83104,38518,44586,918,322,43346,"JOINT","Frédérique","RN",7128,16.44,"6402","2e circonscription des Pyrénées-Atlantiques","Entre 15 et 17 %","#7A7EF5"
"64","6403",84078,38237,45841,864,335,44642,"CRESSON","Nicolas","RN",6847,15.34,"6403","3e circonscription des Pyrénées-Atlantiques","Entre 15 et 17 %","#7A7EF5"
"64","6404",80842,36338,44504,999,324,43181,"LOPEZ","Sylviane","RN",5015,11.61,"6404","4e circonscription des Pyrénées-Atlantiques","Entre 9 et 12 %","#B3B5FF"
"64","6405",99404,49254,50150,873,257,49020,"LESELLIER","Pascal","RN",6796,13.86,"6405","5e circonscription des Pyrénées-Atlantiques","Entre 12 et 15 %","#999CFF"
"64","6406",105501,51779,53722,736,291,52695,"BECKER","Monique","RN",5209,9.89,"6406","6e circonscription des Pyrénées-Atlantiques","Entre 9 et 12 %","#B3B5FF"
"79","7901",90920,44447,46473,666,304,45503,"CHAMPEAU","Dorothée","RN",5869,12.9,"7901","1ère circonscription des Deux-Sèvres","Entre 12 et 15 %","#999CFF"
"79","7902",98304,48985,49319,871,410,48038,"REVERS","Carine","RN",9328,19.42,"7902","2e circonscription des Deux-Sèvres","Entre 17 et 20 %","#585CDB"
"79","7903",84875,44123,40752,929,411,39412,"GUIBERT","Olivier","RN",7689,19.51,"7903","3e circonscription des Deux-Sèvres","Entre 17 et 20 %","#585CDB"
"86","8601",80577,39689,40888,728,316,39844,"COURTOIS","Kevin","RN",6254,15.7,"8601","1ère circonscription de la Vienne","Entre 15 et 17 %","#7A7EF5"
"86","8602",79489,36558,42931,780,298,41853,"PHILIPPE","Céline","RN",5641,13.48,"8602","2e circonscription de la Vienne","Entre 12 et 15 %","#999CFF"
"86","8603",72977,35104,37873,741,333,36799,"SOULAT","Eric","RN",7697,20.92,"8603","3e circonscription de la Vienne","Entre 20 et 22 %","#3A3FC2"
"86","8604",73869,38379,35490,790,359,34341,"LATUS","Marion","RN",9739,28.36,"8604","4e circonscription de la Vienne","Entre 25 et 30 %","#090C5C"
"87","8701",84294,40055,44239,1114,635,42490,"GÉDOUX","Christiane","RN",7884,18.55,"8701","1ère circonscription de la Haute-Vienne","Entre 17 et 20 %","#585CDB"
"87","8702",98167,44371,53796,1308,825,51663,"MINGUET","Sabrina","RN",10244,19.83,"8702","2e circonscription de la Haute-Vienne","Entre 17 et 20 %","#585CDB"
"87","8703",82045,38915,43130,1176,667,41287,"FREYCHET","Albin","RN",8117,19.66,"8703","3e circonscription de la Haute-Vienne","Entre 17 et 20 %","#585CDB"
"09","0901",57465,25041,32424,709,475,31240,"GARNIER","Jean-Marc","RN",6229,19.94,"0901","1ère circonscription de l'Ariège","Entre 17 et 20 %","#585CDB"
"09","0902",62017,28652,33365,599,325,32441,"CARRIE","Bérengère","RN",6686,20.61,"0902","2e circonscription de l'Ariège","Entre 20 et 22 %","#3A3FC2"
"11","1101",98471,48594,49877,1054,442,48381,"BARTHÈS","Christophe","RN",15871,32.8,"1101","1ère circonscription de l'Aude","Entre 30 et 54 %","#0D0F42"
"11","1102",92627,47787,44840,643,245,43952,"FALCON","Frédéric","RN",12365,28.13,"1102","2e circonscription de l'Aude","Entre 25 et 30 %","#090C5C"
"11","1103",89784,39680,50104,1001,466,48637,"RANCOULE","Julien","RN",13839,28.45,"1103","3e circonscription de l'Aude","Entre 25 et 30 %","#090C5C"
"12","1201",78131,35694,42437,708,323,41406,"PLANE","Julia","RN",5391,13.02,"1201","1ère circonscription de l'Aveyron","Entre 12 et 15 %","#999CFF"
"12","1202",69158,30194,38964,693,353,37918,"LELEU","Bruno","RN",4865,12.83,"1202","2e circonscription de l'Aveyron","Entre 12 et 15 %","#999CFF"
"12","1203",72513,32332,40181,956,483,38742,"CAZORLA","Jean Christophe","RN",6017,15.53,"1203","3e circonscription de l'Aveyron","Entre 15 et 17 %","#7A7EF5"
"30","3001",89353,52047,37306,569,248,36489,"GILLET","Yoann","RN",11547,31.65,"3001","1ère circonscription du Gard","Entre 30 et 54 %","#0D0F42"
"30","3002",95029,50518,44511,659,245,43607,"MEIZONNET","Nicolas","RN",15434,35.39,"3002","2e circonscription du Gard","Entre 30 et 54 %","#0D0F42"
"30","3003",95517,48866,46651,594,200,45857,"BORDES","Pascale","RN",13796,30.08,"3003","3e circonscription du Gard","Entre 30 et 54 %","#0D0F42"
"30","3004",94361,48739,45622,699,259,44664,"MEURIN","Pierre","RN",13648,30.56,"3004","4e circonscription du Gard","Entre 30 et 54 %","#0D0F42"
"30","3005",98491,48110,50381,906,335,49140,"LAUNAY","Jean-Marie","RN",11582,23.57,"3005","5e circonscription du Gard","Entre 22 et 25 %","#000375"
"30","3006",84534,46482,38052,508,192,37352,"GARDET","Laurence","RN",9018,24.14,"3006","6e circonscription du Gard","Entre 22 et 25 %","#000375"
"31","3101",83966,39462,44504,406,202,43896,"MARSAL","Cathy","RN",4279,9.75,"3101","1ère circonscription de la Haute-Garonne","Entre 9 et 12 %","#B3B5FF"
"31","3102",105303,49024,56279,751,302,55226,"TEYCHENE","Sonia","RN",7245,13.12,"3102","2e circonscription de la Haute-Garonne","Entre 12 et 15 %","#999CFF"
"31","3103",80720,33608,47112,411,196,46505,"ALARCON","Stéphanie","RN",4080,8.77,"3103","3e circonscription de la Haute-Garonne","Entre 5 et 9 %","#CCCEFF"
"31","3104",68580,33016,35564,343,156,35065,"SADOWSKI","Ewa","RN",2512,7.16,"3104","4e circonscription de la Haute-Garonne","Entre 5 et 9 %","#CCCEFF"
"31","3105",106905,53198,53707,859,370,52478,"LEONARDELLI","Julien","RN",12931,24.64,"3105","5e circonscription de la Haute-Garonne","Entre 22 et 25 %","#000375"
"31","3106",115543,53336,62207,909,386,60912,"AIELLO","Lydia","RN",10231,16.8,"3106","6e circonscription de la Haute-Garonne","Entre 15 et 17 %","#7A7EF5"
"31","3107",106489,52407,54082,1064,376,52642,"PINATEL","Emmanuelle","RN",12531,23.8,"3107","7e circonscription de la Haute-Garonne","Entre 22 et 25 %","#000375"
"31","3108",86154,39845,46309,810,435,45064,"DELCHARD","Loic","RN",9843,21.84,"3108","8e circonscription de la Haute-Garonne","Entre 20 et 22 %","#3A3FC2"
"31","3109",80643,39244,41399,505,240,40654,"BARKATS","Thomas","RN",5781,14.22,"3109","9e circonscription de la Haute-Garonne","Entre 12 et 15 %","#999CFF"
"31","3110",103426,43111,60315,1040,356,58919,"POIRIER","Christelle","RN",8947,15.19,"3110","10e circonscription de la Haute-Garonne","Entre 15 et 17 %","#7A7EF5"
"32","3201",73810,32134,41676,1068,438,40170,"YELMA","Jean-Luc","RN",8202,20.42,"3201","1ère circonscription du Gers","Entre 20 et 22 %","#3A3FC2"
"32","3202",73846,32139,41707,736,322,40649,"CENDRÉ","Alice","RN",6976,17.16,"3202","2e circonscription du Gers","Entre 17 et 20 %","#585CDB"
"34","3401",90089,48659,41430,603,205,40622,"JAMET","France","RN",8360,20.58,"3401","1ère circonscription de l'Hérault","Entre 20 et 22 %","#3A3FC2"
"34","3402",65416,36465,28951,299,136,28516,"MANGANO","Flavia","RN",2490,8.73,"3402","2e circonscription de l'Hérault","Entre 5 et 9 %","#CCCEFF"
"34","3403",92308,44901,47407,495,213,46699,"MAUREL","Johana","RN",8080,17.3,"3403","3e circonscription de l'Hérault","Entre 17 et 20 %","#585CDB"
"34","3404",119166,58040,61126,797,311,60018,"BOUQUIN","Manon","RN",13633,22.71,"3404","4e circonscription de l'Hérault","Entre 22 et 25 %","#000375"
"34","3405",98962,48849,50113,733,309,49071,"GALZY","Stéphanie","RN",13806,28.13,"3405","5e circonscription de l'Hérault","Entre 25 et 30 %","#090C5C"
"34","3407",108908,56037,52871,682,339,51850,"LOPEZ LIGUORI","Aurélien","RN",16079,31.01,"3407","7e circonscription de l'Hérault","Entre 30 et 54 %","#0D0F42"
"34","3408",94370,50429,43941,641,249,43051,"DELAPIERRE","Cédric","RN",10729,24.92,"3408","8e circonscription de l'Hérault","Entre 22 et 25 %","#000375"
"34","3409",89422,48749,40673,604,220,39849,"BORT","Frédéric","RN",10058,25.24,"3409","9e circonscription de l'Hérault","Entre 25 et 30 %","#090C5C"
"46","4601",72849,29556,43293,441,284,42568,"COUTURIER","Cendrine","RN",3844,9.03,"4601","1ère circonscription du Lot","Entre 9 et 12 %","#B3B5FF"
"46","4602",66679,27106,39573,756,404,38413,"LE GLOANNEC","Armelle","RN",4735,12.33,"4602","2e circonscription du Lot","Entre 12 et 15 %","#999CFF"
"48","4801",59915,24942,34973,673,310,33990,"PARDIGON","Jean François","RN",3704,10.9,"4801","1ère circonscription de la Lozère","Entre 9 et 12 %","#B3B5FF"
"65","6501",88017,40225,47792,734,314,46744,"SORIN","Marie-Christine","RN",7396,15.82,"6501","1ère circonscription des Hautes-Pyrénées","Entre 15 et 17 %","#7A7EF5"
"65","6502",89775,42742,47033,895,371,45767,"DUMANOIR","Serge","RN",8483,18.54,"6502","2e circonscription des Hautes-Pyrénées","Entre 17 et 20 %","#585CDB"
"66","6601",72771,39576,33195,532,257,32406,"BLANC","Sophie","RN",10162,31.36,"6601","1ère circonscription des Pyrénées-Orientales","Entre 30 et 54 %","#0D0F42"
"66","6602",103653,55188,48465,824,297,47344,"SABATINI","Anaïs","RN",17811,37.62,"6602","2e circonscription des Pyrénées-Orientales","Entre 30 et 54 %","#0D0F42"
"66","6603",84996,43148,41848,848,357,40643,"DOGOR-SUCH","Sandrine","RN",11247,27.67,"6603","3e circonscription des Pyrénées-Orientales","Entre 25 et 30 %","#090C5C"
"66","6604",101918,51319,50599,758,318,49523,"MARTINEZ","Michèle","RN",15056,30.4,"6604","4e circonscription des Pyrénées-Orientales","Entre 30 et 54 %","#0D0F42"
"81","8101",85123,39343,45780,748,439,44593,"CABROLIER","Frédéric","RN",8999,20.18,"8101","1ère circonscription du Tarn","Entre 20 et 22 %","#3A3FC2"
"81","8102",109859,49736,60123,1288,653,58182,"BACOU","Julien","RN",13775,23.68,"8102","2e circonscription du Tarn","Entre 22 et 25 %","#000375"
"81","8103",104170,47517,56653,897,492,55264,"CALLEJON","Virginie","RN",12267,22.2,"8103","3e circonscription du Tarn","Entre 22 et 25 %","#000375"
"82","8201",93013,44565,48448,798,363,47287,"POMA","Pierre","RN",10610,22.44,"8201","1ère circonscription du Tarn-et-Garonne","Entre 22 et 25 %","#000375"
"82","8202",96323,45986,50337,897,450,48990,"HAMELET","Marine","RN",15187,31,"8202","2e circonscription du Tarn-et-Garonne","Entre 30 et 54 %","#0D0F42"
"01","0101",86187,43652,42535,490,234,41811,"PIROUX GIANNOTTI","Brigitte","RN",8971,21.46,"0101","1ère circonscription de l'Ain","Entre 20 et 22 %","#3A3FC2"
"01","0102",99953,50270,49683,629,168,48886,"EYRAUD","Olivier","RN",11354,23.23,"0102","2e circonscription de l'Ain","Entre 22 et 25 %","#000375"
"01","0103",82204,45945,36259,385,145,35729,"FRANCK","Frédéric","RN",4993,13.97,"0103","3e circonscription de l'Ain","Entre 12 et 15 %","#999CFF"
"01","0104",94897,49258,45639,638,209,44792,"BUISSON","Jérôme","RN",11116,24.82,"0104","4e circonscription de l'Ain","Entre 22 et 25 %","#000375"
"01","0105",77456,40382,37074,820,206,36048,"NAMBOTIN","Joëlle","RN",7110,19.72,"0105","5e circonscription de l'Ain","Entre 17 et 20 %","#585CDB"
"03","0301",89347,43559,45788,952,419,44417,"CIBERT","Marie","RN",8615,19.4,"0301","1ère circonscription de l'Allier","Entre 17 et 20 %","#585CDB"
"03","0302",80970,39790,41180,847,413,39920,"BOVET","Jorys","RN",7642,19.14,"0302","2e circonscription de l'Allier","Entre 17 et 20 %","#585CDB"
"03","0303",80190,39570,40620,683,324,39613,"JULIEN","Quentin","RN",8047,20.31,"0303","3e circonscription de l'Allier","Entre 20 et 22 %","#3A3FC2"
"07","0701",79305,38813,40492,702,325,39465,"PORQUET","Céline","RN",9202,23.32,"0701","1ère circonscription de l'Ardèche","Entre 22 et 25 %","#000375"
"07","0702",96561,45518,51043,802,262,49979,"GRANGIER","Cyrille","RN",9512,19.03,"0702","2e circonscription de l'Ardèche","Entre 17 et 20 %","#585CDB"
"07","0703",80823,35238,45585,469,180,44936,"VERHEIJ","Johan","RN",6964,15.5,"0703","3e circonscription de l'Ardèche","Entre 15 et 17 %","#7A7EF5"
"15","1501",63112,29133,33979,692,313,32974,"GALLAIS","Dorothée","RN",3695,11.21,"1501","1ère circonscription du Cantal","Entre 9 et 12 %","#B3B5FF"
"15","1502",52867,24448,28419,457,192,27770,"LACROIX","Gilles","RN",3861,13.9,"1502","2e circonscription du Cantal","Entre 12 et 15 %","#999CFF"
"26","2601",77959,41353,36606,466,192,35948,"TOSELLO-PACE","Philippe","RN",5638,15.68,"2601","1ère circonscription de la Drôme","Entre 15 et 17 %","#7A7EF5"
"26","2602",95908,51366,44542,729,318,43495,"POLLET","Lisette","RN",11585,26.64,"2602","2e circonscription de la Drôme","Entre 25 et 30 %","#090C5C"
"26","2603",110901,46867,64034,835,294,62905,"DOS REIS","Philippe","RN",10002,15.9,"2603","3e circonscription de la Drôme","Entre 15 et 17 %","#7A7EF5"
"26","2604",99168,49609,49559,595,247,48717,"STIN","Véronique","RN",9801,20.12,"2604","4e circonscription de la Drôme","Entre 20 et 22 %","#3A3FC2"
"38","3801",85682,36708,48974,525,197,48252,"MEYRIEUX","Aurore","RN",3407,7.06,"3801","1ère circonscription de l'Isère","Entre 5 et 9 %","#CCCEFF"
"38","3802",78583,42175,36408,419,178,35811,"BAILLY","Clhoé","RN",6474,18.08,"3802","2e circonscription de l'Isère","Entre 17 et 20 %","#585CDB"
"38","3803",60394,31119,29275,262,102,28911,"DUPRÉ","Christel","RN",3424,11.84,"3803","3e circonscription de l'Isère","Entre 9 et 12 %","#B3B5FF"
"38","3804",91874,45169,46705,507,161,46037,"GUYOT","Olivier","RN",7618,16.55,"3804","4e circonscription de l'Isère","Entre 15 et 17 %","#7A7EF5"
"38","3805",106035,50981,55054,770,220,54064,"SANTANA","Jérôme","RN",9909,18.33,"3805","5e circonscription de l'Isère","Entre 17 et 20 %","#585CDB"
"38","3806",89139,47975,41164,659,150,40355,"JOLLY","Alexis","RN",12100,29.98,"3806","6e circonscription de l'Isère","Entre 25 et 30 %","#090C5C"
"38","3807",96116,48948,47168,670,227,46271,"MOULIN-COMTE","Alexandre","RN",10935,23.63,"3807","7e circonscription de l'Isère","Entre 22 et 25 %","#000375"
"38","3808",82497,42492,40005,512,186,39307,"AUGUSTE","Benoit","RN",9007,22.91,"3808","8e circonscription de l'Isère","Entre 22 et 25 %","#000375"
"38","3809",100662,49683,50979,789,188,50002,"BÈNE","Cécile","RN",9626,19.25,"3809","9e circonscription de l'Isère","Entre 17 et 20 %","#585CDB"
"38","3810",98790,54222,44568,589,206,43773,"GERMAIN","Nathalie","RN",11817,27,"3810","10e circonscription de l'Isère","Entre 25 et 30 %","#090C5C"
"42","4201",64587,35530,29057,253,98,28706,"SIMON","Marie","RN",5203,18.13,"4201","1ère circonscription de la Loire","Entre 17 et 20 %","#585CDB"
"42","4202",50916,28033,22883,263,104,22516,"BREUIL","Hervé","RN",3454,15.34,"4202","2e circonscription de la Loire","Entre 15 et 17 %","#7A7EF5"
"42","4203",83522,45258,38264,719,108,37437,"LA MARCA","Angelina","RN",7890,21.08,"4203","3e circonscription de la Loire","Entre 20 et 22 %","#3A3FC2"
"42","4204",103959,54267,49692,641,225,48826,"GIBERT","Anthony","RN",10555,21.62,"4204","4e circonscription de la Loire","Entre 20 et 22 %","#3A3FC2"
"42","4205",102303,50603,51700,820,304,50576,"GRANGER","Sandrine","RN",9623,19.03,"4205","5e circonscription de la Loire","Entre 17 et 20 %","#585CDB"
"42","4206",111138,54802,56336,838,296,55202,"GRANGER","Grégoire","RN",11527,20.88,"4206","6e circonscription de la Loire","Entre 20 et 22 %","#3A3FC2"
"43","4301",101606,48317,53289,649,245,52395,"FOURETS","Suzanne","RN",7458,14.23,"4301","1ère circonscription de la Haute-Loire","Entre 12 et 15 %","#999CFF"
"43","4302",79494,37177,42317,717,334,41266,"PEREZ","Thierry","RN",5618,13.61,"4302","2e circonscription de la Haute-Loire","Entre 12 et 15 %","#999CFF"
"63","6301",84175,44991,39184,619,273,38292,"BISCOS","Anne","RN",5617,14.67,"6301","1ère circonscription du Puy-de-Dôme","Entre 12 et 15 %","#999CFF"
"63","6302",90065,41065,49000,783,284,47933,"DUPRÉ","Isabelle","RN",7862,16.4,"6302","2e circonscription du Puy-de-Dôme","Entre 15 et 17 %","#7A7EF5"
"63","6303",89885,40980,48905,840,321,47744,"BATISSON","Françoise","RN",5759,12.06,"6303","3e circonscription du Puy-de-Dôme","Entre 12 et 15 %","#999CFF"
"63","6304",101379,49469,51910,1018,386,50506,"BRULÉ","Didier","RN",8379,16.59,"6304","4e circonscription du Puy-de-Dôme","Entre 15 et 17 %","#7A7EF5"
"63","6305",104417,50980,53437,812,345,52280,"CARLETTO","Brigitte","RN",9964,19.06,"6305","5e circonscription du Puy-de-Dôme","Entre 17 et 20 %","#585CDB"
"69","6901",72729,33448,39281,368,97,38816,"GAGARINE","Voliaria","RN",3617,9.32,"6901","1ère circonscription du Rhône","Entre 9 et 12 %","#B3B5FF"
"69","6902",74034,29821,44213,345,129,43739,"SINTÈS","Sylvine","RN",2392,5.47,"6902","2e circonscription du Rhône","Entre 5 et 9 %","#CCCEFF"
"69","6903",72442,31076,41366,296,94,40976,"VOLLORY","Gérard","RN",2983,7.28,"6903","3e circonscription du Rhône","Entre 5 et 9 %","#CCCEFF"
"69","6904",78266,32045,46221,402,167,45652,"COULAIS","Véronique","RN",3300,7.23,"6904","4e circonscription du Rhône","Entre 5 et 9 %","#CCCEFF"
"69","6905",90167,41191,48976,382,116,48478,"DUIGOU","Yves","RN",5865,12.1,"6905","5e circonscription du Rhône","Entre 12 et 15 %","#999CFF"
"69","6906",89563,48901,40662,461,136,40065,"MOREL","Michèle","RN",4328,10.8,"6906","6e circonscription du Rhône","Entre 9 et 12 %","#B3B5FF"
"69","6907",70953,43224,27729,248,131,27350,"JONCOUR","Tiffany","RN",3108,11.36,"6907","7e circonscription du Rhône","Entre 9 et 12 %","#B3B5FF"
"69","6908",105083,49843,55240,572,201,54467,"DUBOIS","Antoine","RN",8713,16,"6908","8e circonscription du Rhône","Entre 15 et 17 %","#7A7EF5"
"69","6909",96646,49308,47338,560,164,46614,"BERTHOUX","Rémi","RN",8500,18.23,"6909","9e circonscription du Rhône","Entre 17 et 20 %","#585CDB"
"69","6911",96576,49605,46971,607,172,46192,"DULAC","Michel","RN",9271,20.07,"6911","11e circonscription du Rhône","Entre 20 et 22 %","#3A3FC2"
"69","6912",82187,38020,44167,351,127,43689,"ANNANI","Elodie","RN",4611,10.55,"6912","12e circonscription du Rhône","Entre 9 et 12 %","#B3B5FF"
"69","6913",88572,47506,41066,444,149,40473,"PECHEREAU","Alain","RN",8766,21.66,"6913","13e circonscription du Rhône","Entre 20 et 22 %","#3A3FC2"
"69","6914",75861,48298,27563,441,200,26922,"MONCHAU","Damien","RN",5846,21.71,"6914","14e circonscription du Rhône","Entre 20 et 22 %","#3A3FC2"
"73","7301",93498,46369,47129,574,213,46342,"DERUEM","Manon","RN",9247,19.95,"7301","1ère circonscription de la Savoie","Entre 17 et 20 %","#585CDB"
"73","7302",76321,40965,35356,369,184,34803,"BERNARD","Brice","RN",6870,19.74,"7302","2e circonscription de la Savoie","Entre 17 et 20 %","#585CDB"
"73","7303",74446,35242,39204,405,168,38631,"DAUCHY","Marie","RN",7561,19.57,"7303","3e circonscription de la Savoie","Entre 17 et 20 %","#585CDB"
"73","7304",77948,37882,40066,540,199,39327,"GARNIER","Rémi","RN",6354,16.16,"7304","4e circonscription de la Savoie","Entre 15 et 17 %","#7A7EF5"
"74","7401",109071,55817,53254,738,248,52268,"JOUFFREY","Didier","RN",8472,16.21,"7401","1ère circonscription de la Haute-Savoie","Entre 15 et 17 %","#7A7EF5"
"74","7402",100206,51984,48222,481,191,47550,"NANCHE","Anaïs","RN",6345,13.34,"7402","2e circonscription de la Haute-Savoie","Entre 12 et 15 %","#999CFF"
"74","7403",88200,47771,40429,554,197,39678,"DAGHRIR","Anis","RN",7296,18.39,"7403","3e circonscription de la Haute-Savoie","Entre 17 et 20 %","#585CDB"
"74","7404",88827,51588,37239,325,103,36811,"LUHO","Magalie","RN",4455,12.1,"7404","4e circonscription de la Haute-Savoie","Entre 12 et 15 %","#999CFF"
"74","7405",101794,57114,44680,575,196,43909,"TERRENI","Jessica","RN",7070,16.1,"7405","5e circonscription de la Haute-Savoie","Entre 15 et 17 %","#7A7EF5"
"74","7406",81399,45080,36319,460,146,35713,"MARTIN","Dominique","RN",6853,19.19,"7406","6e circonscription de la Haute-Savoie","Entre 17 et 20 %","#585CDB"
"04","0401",61962,29807,32155,682,228,31245,"GIRARD","Christian","RN",8912,28.52,"0401","1ère circonscription des Alpes-de-Haute-Provence","Entre 25 et 30 %","#090C5C"
"04","0402",66661,31854,34807,610,273,33924,"ABEILLE","Aurélie","RN",7906,23.31,"0402","2e circonscription des Alpes-de-Haute-Provence","Entre 22 et 25 %","#000375"
"05","0501",59643,28488,31155,603,263,30289,"SARLIN","Eric","RN",6552,21.63,"0501","1ère circonscription des Hautes-Alpes","Entre 20 et 22 %","#3A3FC2"
"05","0502",54274,25057,29217,423,167,28627,"ALBRAND","Louis","RN",4996,17.45,"0502","2e circonscription des Hautes-Alpes","Entre 17 et 20 %","#585CDB"
"06","0601",82307,45791,36516,311,647,35558,"VITETTI","Muriel","RN",4729,13.3,"0601","1ère circonscription des Alpes-Maritimes","Entre 12 et 15 %","#999CFF"
"06","0602",89179,47998,41181,640,205,40336,"TIVOLI","Lionel","RN",9639,23.9,"0602","2e circonscription des Alpes-Maritimes","Entre 22 et 25 %","#000375"
"06","0603",91821,52313,39508,458,217,38833,"KANDEL","Benoît","RN",6668,17.17,"0603","3e circonscription des Alpes-Maritimes","Entre 17 et 20 %","#585CDB"
"06","0604",85281,46689,38592,528,220,37844,"MASSON","Alexandra","RN",10925,28.87,"0604","4e circonscription des Alpes-Maritimes","Entre 25 et 30 %","#090C5C"
"06","0605",91172,50692,40480,458,239,39783,"KHALIFA","Frank","RN",7560,19,"0605","5e circonscription des Alpes-Maritimes","Entre 17 et 20 %","#585CDB"
"06","0606",80167,42568,37599,597,83,36919,"MASSON","Bryan","RN",9349,25.32,"0606","6e circonscription des Alpes-Maritimes","Entre 25 et 30 %","#090C5C"
"06","0607",97531,51469,46062,501,93,45468,"CORNEC","Tanguy","RN",7675,16.88,"0607","7e circonscription des Alpes-Maritimes","Entre 15 et 17 %","#7A7EF5"
"06","0608",84297,47468,36829,364,110,36355,"LANDERER","Dorette","RN",6766,18.61,"0608","8e circonscription des Alpes-Maritimes","Entre 17 et 20 %","#585CDB"
"06","0609",81450,44246,37204,439,116,36649,"GALBERT","Franck","RN",7518,20.51,"0609","9e circonscription des Alpes-Maritimes","Entre 20 et 22 %","#3A3FC2"
"13","1301",81442,47422,34020,492,136,33392,"GRISETI","Monique","RN",9103,27.26,"1301","1ère circonscription des Bouches-du-Rhône","Entre 25 et 30 %","#090C5C"
"13","1302",83613,42762,40851,405,161,40285,"PARODI","Clémence","RN",6561,16.29,"1302","2e circonscription des Bouches-du-Rhône","Entre 15 et 17 %","#7A7EF5"
"13","1303",75982,47766,28216,395,135,27686,"LELOUIS","Gisèle","RN",7016,25.34,"1303","3e circonscription des Bouches-du-Rhône","Entre 25 et 30 %","#090C5C"
"13","1304",64937,39722,25215,329,134,24752,"TELLIER","Julien","RN",2396,9.68,"1304","4e circonscription des Bouches-du-Rhône","Entre 9 et 12 %","#B3B5FF"
"13","1305",73599,39564,34035,387,157,33491,"LAMBERT","Sandrine","RN",5131,15.32,"1305","5e circonscription des Bouches-du-Rhône","Entre 15 et 17 %","#7A7EF5"
"13","1306",78511,45399,33112,321,102,32689,"BEZ","Éléonore","RN",7810,23.89,"1306","6e circonscription des Bouches-du-Rhône","Entre 22 et 25 %","#000375"
"13","1307",67119,48457,18662,297,140,18225,"SELLOUM","Arezki","RN",4226,23.19,"1307","7e circonscription des Bouches-du-Rhône","Entre 22 et 25 %","#000375"
"13","1308",102834,54662,48172,563,215,47394,"TONUSSI","Romain","RN",12004,25.33,"1308","8e circonscription des Bouches-du-Rhône","Entre 25 et 30 %","#090C5C"
"13","1309",100961,54812,46149,584,218,45347,"MÉLIN","Joëlle","RN",11256,24.82,"1309","9e circonscription des Bouches-du-Rhône","Entre 22 et 25 %","#000375"
"13","1310",109067,56110,52957,681,255,52021,"GONZALEZ","José","RN",15165,29.15,"1310","10e circonscription des Bouches-du-Rhône","Entre 25 et 30 %","#090C5C"
"13","1311",92277,49906,42371,536,166,41669,"FABRE-AUBRESPY","Hervé","RN",9679,23.23,"1311","11e circonscription des Bouches-du-Rhône","Entre 22 et 25 %","#000375"
"13","1312",94713,55422,39291,735,181,38375,"ALLISIO","Franck","RN",13921,36.28,"1312","12e circonscription des Bouches-du-Rhône","Entre 30 et 54 %","#0D0F42"
"13","1313",94380,53236,41144,733,325,40086,"FOUQUART","Emmanuel","RN",12430,31.01,"1313","13e circonscription des Bouches-du-Rhône","Entre 30 et 54 %","#0D0F42"
"13","1314",99296,51003,48293,541,243,47509,"COCH","Emeline","RN",7961,16.76,"1314","14e circonscription des Bouches-du-Rhône","Entre 15 et 17 %","#7A7EF5"
"13","1315",109293,56435,52858,750,292,51816,"BAUBRY","Romain","RN",15296,29.52,"1315","15e circonscription des Bouches-du-Rhône","Entre 25 et 30 %","#090C5C"
"13","1316",91744,50673,41071,793,344,39934,"TACHE DE LA PAGERIE","Emmanuel","RN",12324,30.86,"1316","16e circonscription des Bouches-du-Rhône","Entre 30 et 54 %","#0D0F42"
"83","8301",72255,38750,33505,417,119,32969,"NAVARRANNE","Amaury","RN",8097,24.56,"8301","1ère circonscription du Var","Entre 22 et 25 %","#000375"
"83","8302",92500,50866,41634,634,182,40818,"LAVALETTE","Laure","RN",12595,30.86,"8302","2e circonscription du Var","Entre 30 et 54 %","#0D0F42"
"83","8303",104073,53162,50911,682,274,49955,"RAMBAUD","Stephane","RN",13503,27.03,"8303","3e circonscription du Var","Entre 25 et 30 %","#090C5C"
"83","8304",112386,59944,52442,500,261,51681,"LOTTIAUX","Philippe","RN",12784,24.74,"8304","4e circonscription du Var","Entre 22 et 25 %","#000375"
"83","8305",101735,55580,46155,574,287,45294,"LECHANTEUX","Julie","RN",16350,36.1,"8305","5e circonscription du Var","Entre 30 et 54 %","#0D0F42"
"83","8306",127507,68652,58855,799,254,57802,"GILETTI","Frank","RN",19832,34.31,"8306","6e circonscription du Var","Entre 30 et 54 %","#0D0F42"
"83","8307",105182,58479,46703,570,197,45936,"BOCCALETTI","Frédéric","RN",13185,28.7,"8307","7e circonscription du Var","Entre 25 et 30 %","#090C5C"
"83","8308",109161,57769,51392,671,246,50475,"SCHRECK","Philippe","RN",15474,30.66,"8308","8e circonscription du Var","Entre 30 et 54 %","#0D0F42"
"84","8401",73765,42496,31269,517,185,30567,"HEBRARD","Joris","RN",9160,29.97,"8401","1ère circonscription du Vaucluse","Entre 25 et 30 %","#090C5C"
"84","8402",85827,44150,41677,550,239,40888,"AUZANOT","Bénédicte","RN",10662,26.08,"8402","2e circonscription du Vaucluse","Entre 25 et 30 %","#090C5C"
"84","8403",78866,41873,36993,517,209,36267,"DE LÉPINAU","Hervé","RN",13430,37.03,"8403","3e circonscription du Vaucluse","Entre 30 et 54 %","#0D0F42"
"84","8404",90403,48206,42197,905,209,41083,"LORHO","Marie-France","RN",16850,41.01,"8404","4e circonscription du Vaucluse","Entre 30 et 54 %","#0D0F42"
"84","8405",84400,42652,41748,497,222,41029,"THOMAS DE MALEVILLE","Marie","RN",9635,23.48,"8405","5e circonscription du Vaucluse","Entre 22 et 25 %","#000375"
"2A","2A01",52268,28094,24174,295,220,23659,"ANTONA","Nathaly","RN",3003,12.69,"2A01","1ère circonscription de la Corse-du-Sud","Entre 12 et 15 %","#999CFF"
"2A","2A02",61842,35330,26512,524,343,25645,"FILONI","François","RN",3788,14.77,"2A02","2e circonscription de la Corse-du-Sud","Entre 12 et 15 %","#999CFF"
"2B","2B01",61515,36334,25181,340,217,24624,"FERNANDEZ","Alexis","RN",2996,12.17,"2B01","1ère circonscription de la Haute-Corse","Entre 12 et 15 %","#999CFF"
"2B","2B02",67934,35193,32741,589,261,31891,"CARDI","Jean","RN",3658,11.47,"2B02","2e circonscription de la Haute-Corse","Entre 9 et 12 %","#B3B5FF"
